Date;;Thu, 15 Dec 2016 20:59:25 +0000;;;
Cite;;Wessa, P. (2016), Free Statistics Software, Office for Research Development and Education, version 1.1.23-r7, URL http://www.wessa.net/;;;
All rights reserved. Academic license for non-commercial use only.;;;;;
;;;;;
;;;;;
Select a Descriptive Statistics Module in the right panel to use the (log) returns of the (close) time series for analysis.;;;;;
;;;;;
Time Series - JPMorgan Chase;;;;;
Date;Open;High;Low;Close;Log Return
2/1/2009;31.190.001;31.639.999;30.469.999;31.35;-
5/1/2009;30.73;30.77;29.08;29.25;-0.0693
6/1/2009;29.790.001;30.42;29.51;29.879.999;0.0213
7/1/2009;29.15;29.40;28.00;28.09;-0.0618
8/1/2009;27.90;27.950.001;26.860.001;27.219.999;-0.0315
9/1/2009;27.549.999;27.549.999;25.809.999;25.969.999;-0.047
12/1/2009;25.92;26.15;24.50;24.91;-0.0417
13/1/2009;25.209.999;26.59;24.27;26.35;0.0562
14/1/2009;25.59;26.280.001;24.76;25.91;-0.0168
15/1/2009;26.540.001;27.049.999;23.76;24.34;-0.0625
16/1/2009;24.83;25.00;20.530.001;22.82;-0.0645
20/1/2009;21.00;21.27;17.700.001;18.09;-0.2323
21/1/2009;19.290.001;22.84;18.879.999;22.629.999;0.2239
22/1/2009;22.360.001;23.83;21.209.999;23.10;0.0206
23/1/2009;21.92;24.58;21.809.999;24.280.001;0.0498
26/1/2009;25.00;25.75;23.74;24.50;0.009
27/1/2009;25.120.001;25.17;24.059.999;25.059.999;0.0226
28/1/2009;27.190.001;27.77;26.34;27.66;0.0987
29/1/2009;26.74;27.18;25.25;25.43;-0.0841
30/1/2009;25.809.999;26.98;24.60;25.51;0.0031
2/2/2009;25.00;25.68;24.35;25.200.001;-0.0122
3/2/2009;25.030.001;25.450.001;23.700.001;24.049.999;-0.0467
4/2/2009;24.25;25.50;23.74;24.040.001;-0.0004
5/2/2009;23.74;25.32;22.49;24.540.001;0.0206
6/2/2009;25.51;27.799.999;25.299.999;27.629.999;0.1186
9/2/2009;26.65;27.969.999;26.299.999;27.280.001;-0.0127
10/2/2009;26.860.001;27.610.001;24.299.999;24.620.001;-0.1026
11/2/2009;25.25;26.620.001;25.139.999;26.09;0.058
12/2/2009;25.35;26.219.999;24.17;26.190.001;0.0038
13/2/2009;25.25;25.889.999;24.66;24.690.001;-0.059
17/2/2009;22.799.999;23.200.001;21.65;21.65;-0.1314
18/2/2009;22.18;22.299.999;21.00;21.51;-0.0065
19/2/2009;22.07;22.299.999;20.540.001;20.60;-0.0432
20/2/2009;19.709.999;21.00;18.75;19.90;-0.0346
23/2/2009;20.90;21.559.999;19.48;19.51;-0.0198
24/2/2009;20.129.999;21.10;18.959.999;21.02;0.0745
25/2/2009;20.83;23.219.999;20.120.001;21.73;0.0332
26/2/2009;23.32;24.18;22.799.999;23.049.999;0.059
27/2/2009;21.629.999;23.60;21.549.999;22.85;-0.0087
2/3/2009;21.700.001;22.43;21.07;21.16;-0.0768
3/3/2009;21.68;21.90;20.60;21.01;-0.0071
4/3/2009;21.74;21.74;18.799.999;19.299.999;-0.0849
5/3/2009;18.50;19.00;16.040.001;16.60;-0.1507
6/3/2009;17.190.001;17.67;14.96;15.93;-0.0412
9/3/2009;15.37;17.290.001;15.02;15.90;-0.0019
10/3/2009;17.35;19.50;17.129.999;19.50;0.2041
11/3/2009;20.35;20.91;19.120.001;20.40;0.0451
12/3/2009;20.15;23.33;20.00;23.200.001;0.1286
13/3/2009;23.59;24.33;22.91;23.75;0.0234
16/3/2009;24.309.999;25.27;22.959.999;23.09;-0.0282
17/3/2009;23.299.999;25.219.999;22.27;25.139.999;0.0851
18/3/2009;24.82;27.33;24.18;27.110.001;0.0754
19/3/2009;27.25;27.41;24.59;24.950.001;-0.083
20/3/2009;24.66;24.780.001;23.15;23.15;-0.0749
23/3/2009;25.299.999;29.17;25.129.999;28.860.001;0.2205
24/3/2009;28.049.999;29.299.999;26.200.001;26.40;-0.0891
25/3/2009;27.190.001;28.709.999;25.93;28.559.999;0.0786
26/3/2009;29.049.999;29.60;27.65;29.10;0.0187
27/3/2009;28.27;29.200.001;27.280.001;27.40;-0.0602
30/3/2009;25.67;26.370.001;24.780.001;24.85;-0.0977
31/3/2009;25.73;27.10;24.85;26.58;0.0673
1/4/2009;25.290.001;28.280.001;25.290.001;28.139.999;0.057
2/4/2009;29.58;29.67;27.41;28.16;0.0007
3/4/2009;27.98;29.280.001;27.50;29.280.001;0.039
6/4/2009;28.27;28.90;27.68;28.200.001;-0.0376
7/4/2009;27.280.001;28.049.999;27.01;27.25;-0.0343
8/4/2009;27.450.001;27.83;26.51;27.43;0.0066
9/4/2009;30.440.001;33.09;30.200.001;32.75;0.1773
13/4/2009;32.009.998;34.150.002;31.809.999;33.700.001;0.0286
14/4/2009;33.040.001;33.25;30.65;30.700.001;-0.0932
15/4/2009;30.620.001;32.970.001;30.27;32.560.001;0.0588
16/4/2009;34.009.998;34.009.998;32.360.001;33.240.002;0.0207
17/4/2009;33.349.998;33.98;32.529.999;33.259.998;0.0006
20/4/2009;31.780.001;32.419.998;29.639.999;29.690.001;-0.1135
21/4/2009;29.07;32.91;28.870.001;32.529.999;0.0914
22/4/2009;31.639.999;34.139.999;31.32;31.90;-0.0196
23/4/2009;32.23;33.75;31.66;33.209.999;0.0402
24/4/2009;33.66;34.50;32.25;33.380.001;0.0051
27/4/2009;32.529.999;33.77;32.400.002;32.779.999;-0.0181
28/4/2009;32.349.998;33.720.001;32.279.999;32.790.001;0.0003
29/4/2009;33.439.999;34.560.001;33.25;34.48;0.0503
30/4/2009;35.009.998;35.209.999;32.75;33.00;-0.0439
1/5/2009;32.849.998;33.77;32.060.001;32.490.002;-0.0156
4/5/2009;33.060.001;35.98;32.900.002;35.790.001;0.0967
5/5/2009;35.450.001;35.950.001;34.459.999;34.82;-0.0275
6/5/2009;35.82;37.349.998;35.560.001;37.220.001;0.0667
7/5/2009;38.50;38.720.001;34.73;35.240.002;-0.0547
8/5/2009;36.799.999;38.939.999;36.200.001;38.939.999;0.0998
11/5/2009;37.349.998;38.18;35.830.002;35.830.002;-0.0832
12/5/2009;36.240.002;36.259.998;34.060.001;35.360.001;-0.0132
13/5/2009;34.700.001;35.27;33.68;34.049.999;-0.0378
14/5/2009;34.119.999;35.619.999;33.82;35.540.001;0.0428
15/5/2009;35.450.001;35.68;34.400.002;34.91;-0.0179
18/5/2009;35.709.999;37.349.998;35.200.001;37.259.998;0.0651
19/5/2009;37.299.999;37.68;35.77;35.810.001;-0.0397
20/5/2009;36.610.001;36.759.998;34.259.998;34.549.999;-0.0358
21/5/2009;34.189.999;35.360.001;33.669.998;34.900.002;0.0101
22/5/2009;35.259.998;35.299.999;34.41;34.41;-0.0141
26/5/2009;34.119.999;36.560.001;34.119.999;36.540.001;0.0601
27/5/2009;36.50;36.720.001;34.66;34.66;-0.0528
28/5/2009;35.139.999;36.669.998;34.599.998;36.650.002;0.0558
29/5/2009;36.349.998;37.07;35.68;36.900.002;0.0068
1/6/2009;37.400.002;37.73;35.77;36.110.001;-0.0216
2/6/2009;35.07;35.52;34.450.001;34.50;-0.0456
3/6/2009;34.400.002;34.970.001;33.650.002;33.98;-0.0152
4/6/2009;34.400.002;35.439.999;34.23;35.349.998;0.0395
5/6/2009;35.720.001;35.759.998;34.50;34.549.999;-0.0229
8/6/2009;34.549.999;35.73;34.549.999;35.389.999;0.024
9/6/2009;35.720.001;35.779.999;35.09;35.259.998;-0.0037
10/6/2009;35.57;35.669.998;34.369.999;34.84;-0.012
11/6/2009;35.07;35.869.999;34.540.001;34.939.999;0.0029
12/6/2009;34.860.001;35.439.999;34.799.999;35.130.001;0.0054
15/6/2009;34.880.001;35.040.001;33.93;34.00;-0.0327
16/6/2009;34.27;34.389.999;33.380.001;33.50;-0.0148
17/6/2009;33.43;33.52;32.18;32.73;-0.0233
18/6/2009;32.849.998;34.310.001;32.84;34.169.998;0.0431
19/6/2009;34.650.002;35.119.999;33.790.001;35.00;0.024
22/6/2009;34.689.999;35.00;32.860.001;32.869.999;-0.0628
23/6/2009;33.110.001;34.09;32.93;33.57;0.0211
24/6/2009;33.779.999;33.93;33.07;33.459.999;-0.0033
25/6/2009;33.48;34.18;32.810.001;34.139.999;0.0201
26/6/2009;33.880.001;34.740.002;33.48;34.450.001;0.009
29/6/2009;34.549.999;34.700.001;34.040.001;34.599.998;0.0043
30/6/2009;34.599.998;34.790.001;33.869.999;34.110.001;-0.0143
1/7/2009;34.27;34.57;33.650.002;33.77;-0.01
2/7/2009;33.360.001;33.77;32.27;32.27;-0.0454
6/7/2009;32.029.999;32.599.998;31.59;32.599.998;0.0102
7/7/2009;32.630.001;33.400.002;32.130.001;32.810.001;0.0064
8/7/2009;32.93;33.490.002;31.790.001;32.709.999;-0.0031
9/7/2009;32.889.999;33.75;32.869.999;33.619.999;0.0274
10/7/2009;33.310.001;33.669.998;32.209.999;32.34;-0.0388
13/7/2009;32.869.999;34.709.999;32.43;34.709.999;0.0707
14/7/2009;34.529.999;35.09;34.060.001;34.700.001;-0.0003
15/7/2009;35.110.001;36.77;35.009.998;36.259.998;0.044
16/7/2009;35.50;36.41;35.220.001;36.130.001;-0.0036
17/7/2009;36.419.998;37.200.001;36.18;36.889.999;0.0208
20/7/2009;37.02;37.439.999;36.59;36.98;0.0024
21/7/2009;37.200.001;37.310.001;36.599.998;36.939.999;-0.0011
22/7/2009;36.400.002;37.330.002;36.209.999;36.830.002;-0.003
23/7/2009;36.950.001;38.470.001;36.57;38.150.002;0.0352
24/7/2009;38.049.999;38.25;37.400.002;37.919.998;-0.006
27/7/2009;37.970.001;39.470.001;37.57;38.130.001;0.0055
28/7/2009;37.740.002;38.200.001;37.650.002;38.080.002;-0.0013
29/7/2009;37.790.001;38.240.002;37.439.999;37.77;-0.0082
30/7/2009;38.130.001;39.279.999;37.900.002;38.470.001;0.0184
31/7/2009;38.380.001;38.650.002;37.93;38.650.002;0.0047
3/8/2009;39.119.999;39.75;38.990.002;39.599.998;0.0243
4/8/2009;39.27;40.50;39.169.998;40.209.999;0.0153
5/8/2009;40.34;42.200.001;40.259.998;41.779.999;0.0383
6/8/2009;42.279.999;42.459.999;40.220.001;40.75;-0.025
7/8/2009;41.279.999;43.130.001;41.18;42.360.001;0.0387
10/8/2009;42.029.999;43.220.001;42.009.998;42.689.999;0.0078
11/8/2009;42.279.999;42.509.998;40.939.999;41.240.002;-0.0346
12/8/2009;41.189.999;42.450.001;41.029.999;42.209.999;0.0232
13/8/2009;42.73;43.00;41.810.001;42.900.002;0.0162
14/8/2009;42.630.001;42.849.998;41.799.999;42.450.001;-0.0105
17/8/2009;41.209.999;41.580.002;40.709.999;40.73;-0.0414
18/8/2009;41.099.998;41.880.001;41.060.001;41.700.001;0.0235
19/8/2009;41.150.002;41.900.002;41.00;41.41;-0.007
20/8/2009;41.529.999;42.630.001;41.48;42.419.998;0.0241
21/8/2009;42.860.001;43.810.001;42.529.999;43.66;0.0288
24/8/2009;43.860.001;44.240.002;42.950.001;43.009.998;-0.015
25/8/2009;43.389.999;44.139.999;43.299.999;43.580.002;0.0132
26/8/2009;43.389.999;43.779.999;42.919.998;43.299.999;-0.0064
27/8/2009;43.049.999;43.630.001;42.540.001;43.450.001;0.0035
28/8/2009;43.810.001;43.860.001;42.509.998;42.919.998;-0.0123
31/8/2009;42.439.999;43.599.998;42.060.001;43.459.999;0.0125
1/9/2009;43.080.002;43.82;41.560.001;41.669.998;-0.0421
2/9/2009;41.509.998;42.110.001;40.75;40.860.001;-0.0196
3/9/2009;41.23;42.25;41.110.001;42.110.001;0.0301
4/9/2009;42.330.002;42.490.002;41.790.001;42.34;0.0054
8/9/2009;42.790.001;43.040.001;41.849.998;42.540.001;0.0047
9/9/2009;42.599.998;43.07;42.389.999;42.860.001;0.0075
10/9/2009;42.73;43.150.002;42.200.001;43.02;0.0037
11/9/2009;43.130.001;43.389.999;42.48;42.50;-0.0122
14/9/2009;42.080.002;43.849.998;42.009.998;43.75;0.029
15/9/2009;43.610.001;44.200.001;42.549.999;43.189.999;-0.0129
16/9/2009;43.349.998;44.68;43.209.999;44.650.002;0.0332
17/9/2009;44.290.001;45.110.001;44.200.001;44.959.999;0.0069
18/9/2009;45.240.002;45.34;44.700.001;44.950.001;-0.0002
21/9/2009;44.540.001;44.799.999;44.220.001;44.549.999;-0.0089
22/9/2009;44.810.001;46.490.002;44.48;46.470.001;0.0422
23/9/2009;46.400.002;46.50;44.98;45.060.001;-0.0308
24/9/2009;45.209.999;45.799.999;44.259.998;44.369.999;-0.0154
25/9/2009;44.150.002;44.279.999;43.34;43.650.002;-0.0164
28/9/2009;43.970.001;44.830.002;43.689.999;44.810.001;0.0262
29/9/2009;44.889.999;45.200.001;44.43;44880001;0.0016
30/9/2009;44.799.999;44.889.999;43.43;43.82;-0.0239
1/10/2009;43.400.002;43.560.001;41.360.001;41.369.999;-0.0575
2/10/2009;40.82;42.400.002;40.529.999;41.860.001;0.0118
5/10/2009;42.48;43.93;42.349.998;43.799.999;0.0453
6/10/2009;44.360.001;45.00;44.07;44.91;0.025
7/10/2009;44.599.998;45.82;44.459.999;45.700.001;0.0174
8/10/2009;46.040.001;46.439.999;45.049.999;45.299.999;-0.0088
9/10/2009;45.459.999;45.939.999;45.080.002;45.849.998;0.0121
12/10/2009;46.369.999;46.419.998;45.349.998;46.080.002;0.005
13/10/2009;45.650.002;46.029.999;44.529.999;45.66;-0.0092
14/10/2009;47.189.999;47.470.001;46.630.001;47.16;0.0323
15/10/2009;46.360.001;47.32;46.360.001;47.16;0
16/10/2009;46.700.001;46.880.001;46.00;46.060.001;-0.0236
19/10/2009;46.419.998;46.43;45.450.001;45.98;-0.0017
20/10/2009;45.810.001;46.59;45.77;46.029.999;0.0011
21/10/2009;46.02;46.419.998;44.650.002;44.650.002;-0.0304
22/10/2009;44.919.998;45.869.999;44.830.002;45.709.999;0.0235
23/10/2009;45.700.001;46.200.001;44.959.999;45.23;-0.0106
26/10/2009;45.119.999;45.209.999;43.549.999;43.82;-0.0317
27/10/2009;43.990.002;44.66;43.669.998;43.900.002;0.0018
28/10/2009;43.73;43.810.001;42.50;42.68;-0.0282
29/10/2009;43.220.001;44.400.002;42.759.998;44.349.998;0.0384
30/10/2009;43.950.001;43.970.001;41.73;41.77;-0.0599
2/11/2009;42.18;42.849.998;41.52;42.580.002;0.0192
3/11/2009;42.09;42.959.999;41.98;42.700.001;0.0028
4/11/2009;43.209.999;43.689.999;42.119.999;42.209.999;-0.0115
5/11/2009;42.599.998;43.93;42.400.002;43.869.999;0.0386
6/11/2009;43.139.999;43.689.999;42.91;43.48;-0.0089
9/11/2009;43.93;44.389.999;43.299.999;44.349.998;0.0198
10/11/2009;44.139.999;44.32;43.549.999;44.169.998;-0.0041
11/11/2009;44.34;44.990.002;43.779.999;44.32;0.0034
12/11/2009;44.080.002;44.650.002;43.00;43.299.999;-0.0233
13/11/2009;43.16;43.290.001;42.360.001;42.900.002;-0.0093
16/11/2009;43.25;43.610.001;42.759.998;43.040.001;0.0033
17/11/2009;42.919.998;43.189.999;42.540.001;43.16;0.0028
18/11/2009;43.139.999;43.50;42.939.999;43.380.001;0.0051
19/11/2009;43.099.998;43.18;42.259.998;42.549.999;-0.0193
20/11/2009;42.470.001;42.740.002;42.150.002;42.459.999;-0.0021
23/11/2009;42.950.001;43.639.999;42.700.001;43.279.999;0.0191
24/11/2009;43.259.998;43.279.999;42.240.002;42.48;-0.0187
25/11/2009;42.669.998;42.669.998;41.939.999;42.16;-0.0076
27/11/2009;40.98;41.900.002;40.75;41.330.002;-0.0199
30/11/2009;41.560.001;42.650.002;41.490.002;42.490.002;0.0277
1/12/2009;42.610.001;42.709.999;41.619.999;42.220.001;-0.0064
2/12/2009;42.150.002;42.150.002;41.470.001;41.93;-0.0069
3/12/2009;42.299.999;43.09;41.310.001;41.400.002;-0.0127
4/12/2009;42.25;42.509.998;41.220.001;41.740.002;0.0082
7/12/2009;41.630.001;41.959.999;41.060.001;41.25;-0.0118
8/12/2009;41.009.998;41.400.002;40.630.001;41.209.999;-0.001
9/12/2009;41.25;41.509.998;40.599.998;41.189.999;-0.0005
10/12/2009;41.360.001;41.560.001;40.66;41.27;0.0019
11/12/2009;40.990.002;41.25;40.75;40.959.999;-0.0075
14/12/2009;41.009.998;41.93;40.700.001;41.77;0.0196
15/12/2009;41.50;41.700.001;40.619.999;40.860.001;-0.022
16/12/2009;41.169.998;41.700.001;40.880.001;41.360.001;0.0122
17/12/2009;41.060.001;41.119.999;40.189.999;40.27;-0.0267
18/12/2009;40.529.999;41.189.999;40.040.001;40.950.001;0.0167
21/12/2009;41.549.999;42.240.002;41.50;41.900.002;0.0229
22/12/2009;42.00;42.099.998;41.689.999;41.939.999;0.001
23/12/2009;41.84;41.939.999;41.450.001;41.560.001;-0.0091
24/12/2009;41.68;41.889.999;41.509.998;41.889.999;0.0079
28/12/2009;41.849.998;42.130.001;41.560.001;41.720.001;-0.0041
29/12/2009;41.73;41.799.999;41.459.999;41.490.002;-0.0055
30/12/2009;41.27;41.619.999;41.23;41.529.999;0.001
31/12/2009;41.619.999;42.130.001;41.450.001;41.669.998;0.0034
4/1/2010;41.790.001;42.990.002;41.669.998;42.849.998;0.0279
5/1/2010;42.790.001;43.84;42.779.999;43.68;0.0192
6/1/2010;43.450.001;44.09;43.310.001;43.919.998;0.0055
7/1/2010;43.790.001;45.119.999;43.610.001;44.790.001;0.0196
8/1/2010;44.369.999;44.700.001;44.080.002;44.68;-0.0025
11/1/2010;45.119.999;45.189.999;44.310.001;44.529.999;-0.0034
12/1/2010;43.990.002;44.150.002;42.939.999;43.490.002;-0.0236
13/1/2010;43.549.999;44.529.999;42.869.999;44.25;0.0173
14/1/2010;44.200.001;44.790.001;44.099.998;44.689.999;0.0099
15/1/2010;44.299.999;44.43;43.34;43.68;-0.0229
19/1/2010;43.400.002;43.75;42.900.002;43.279.999;-0.0092
20/1/2010;43.009.998;43.68;42.709.999;43.400.002;0.0028
21/1/2010;43.040.001;43.150.002;40.32;40.540.001;-0.0682
22/1/2010;40.650.002;41.200.001;38.82;39.16;-0.0346
25/1/2010;39.759.998;39.889.999;38.84;39.209.999;0.0013
26/1/2010;39.00;39.84;38.279.999;38.439.999;-0.0198
27/1/2010;38.349.998;39.490.002;38.07;39.330.002;0.0229
28/1/2010;39.68;40.040.001;38.720.001;39.48;0.0038
29/1/2010;39.650.002;39.849.998;38.799.999;38.939.999;-0.0138
1/2/2010;39.099.998;39.93;38.950.001;39.630.001;0.0176
2/2/2010;39.799.999;40.68;39.700.001;40.549.999;0.0229
3/2/2010;40.580.002;41.099.998;40.169.998;40.290.001;-0.0064
4/2/2010;39.790.001;39.919.998;38.349.998;38.349.998;-0.0493
5/2/2010;38.639.999;38.880.001;37.029.999;38.299.999;-0.0013
8/2/2010;38.290.001;38.290.001;37.32;37.700.001;-0.0158
9/2/2010;38.189.999;38.700.001;37.84;38.389.999;0.0181
10/2/2010;38.639.999;39.50;38.52;38.869.999;0.0124
11/2/2010;38.84;39.369.999;38.360.001;39.02;0.0039
12/2/2010;38.669.998;39.18;38.360.001;38.950.001;-0.0018
16/2/2010;39.330.002;40.139.999;38.75;40.07;0.0283
17/2/2010;40.259.998;40.450.001;39.759.998;40.040.001;-0.0007
18/2/2010;39.939.999;40.509.998;39.77;40.41;0.0092
19/2/2010;40.110.001;40.700.001;39.900.002;40.029.999;-0.0094
22/2/2010;40.400.002;41.299.999;40.25;40.849.998;0.0203
23/2/2010;40.900.002;41.25;39.759.998;39.880.001;-0.024
24/2/2010;40.049.999;40.970.001;40.00;40.849.998;0.024
25/2/2010;40.16;40.689.999;39.700.001;40.639.999;-0.0052
26/2/2010;40.689.999;42.310.001;40.599.998;41.970.001;0.0322
1/3/2010;42.029.999;42.18;41.41;41.830.002;-0.0033
2/3/2010;41.98;42.400.002;41.360.001;41.619.999;-0.005
3/3/2010;41.650.002;42.060.001;41.34;41.529.999;-0.0022
4/3/2010;41.91;42.080.002;41.66;41.919.998;0.0093
5/3/2010;42.32;42.869.999;42.189.999;42.810.001;0.021
8/3/2010;42.849.998;43.029.999;42.470.001;42.59;-0.0052
9/3/2010;42.389.999;42.82;42.049.999;42.419.998;-0.004
10/3/2010;42.869.999;43.490.002;42.810.001;42.93;0.012
11/3/2010;42.91;43.200.001;42.799.999;43.18;0.0058
12/3/2010;43.34;43.540.001;42.849.998;43.150.002;-0.0007
15/3/2010;42.919.998;43.209.999;42.599.998;43.07;-0.0019
16/3/2010;43.349.998;43.380.001;42.689.999;43.240.002;0.0039
17/3/2010;43.310.001;44.110.001;43.27;43.790.001;0.0126
18/3/2010;43.75;43.790.001;43.150.002;43.639.999;-0.0034
19/3/2010;43.450.001;43.889.999;43.130.001;43.450.001;-0.0044
22/3/2010;43.07;43.790.001;43.040.001;43.740.002;0.0067
23/3/2010;43.849.998;44.740.002;43.779.999;44.580.002;0.019
24/3/2010;44.439.999;44.970.001;44.200.001;44.939.999;0.008
25/3/2010;44.98;46.049.999;44.889.999;44.939.999;0
26/3/2010;45.040.001;45.889.999;44.790.001;45.02;0.0018
29/3/2010;45.25;45.380.001;44.459.999;44.860.001;-0.0036
30/3/2010;44.900.002;45.049.999;44.360.001;44.580.002;-0.0063
31/3/2010;44.310.001;45.00;44.25;44.75;0.0038
1/4/2010;45.029.999;45.310.001;44.990.002;45.18;0.0096
5/4/2010;45.279.999;45.400.002;44.790.001;45.34;0.0035
6/4/2010;45.23;45.939.999;45.150.002;45.84;0.011
7/4/2010;45.830.002;46.049.999;45.02;45.32;-0.0114
8/4/2010;45.16;45.970.001;44.810.001;45.759.998;0.0097
9/4/2010;45.880.001;46.220.001;45.450.001;45.98;0.0048
12/4/2010;46.029.999;46.470.001;45.900.002;46.139.999;0.0035
13/4/2010;46.040.001;46.380.001;45.849.998;45.869.999;-0.0059
14/4/2010;47.400.002;47.93;46.779.999;47.73;0.0397
15/4/2010;47.650.002;48.200.001;47.490.002;47.810.001;0.0017
16/4/2010;47.669.998;47.75;45.139.999;45.549.999;-0.0484
19/4/2010;45.23;45.700.001;44.59;45.389.999;-0.0035
20/4/2010;45.77;46.150.002;45.560.001;45.880.001;0.0107
21/4/2010;46.040.001;46.389.999;45.00;45.349.998;-0.0116
22/4/2010;44.91;45.119.999;44.029.999;44.740.002;-0.0135
23/4/2010;44.73;45.07;44.25;44.939.999;0.0045
26/4/2010;44.779.999;44.810.001;43.73;43.889.999;-0.0236
27/4/2010;43.48;44.369.999;42.299.999;42.41;-0.0343
28/4/2010;42.84;43.709.999;42.779.999;43.459.999;0.0245
29/4/2010;43.889.999;44.330.002;43.599.998;44.00;0.0123
30/4/2010;44.02;44.049.999;42.23;42.580.002;-0.0328
3/5/2010;42.970.001;43.73;42.889.999;43.529.999;0.0221
4/5/2010;42.970.001;43.360.001;42.25;42.470.001;-0.0247
5/5/2010;42.110.001;43.369.999;41.619.999;42.630.001;0.0038
6/5/2010;42.630.001;42.779.999;39.290.001;40.810.001;-0.0436
7/5/2010;41.029.999;41.84;39.779.999;40.759.998;-0.0012
10/5/2010;42.32;43.299.999;41.419.998;41.950.001;0.0288
11/5/2010;41.459.999;42.549.999;41.150.002;41.549.999;-0.0096
12/5/2010;41.740.002;41.790.001;40.810.001;41.689.999;0.0034
13/5/2010;41.439.999;41.599.998;40.779.999;40.810.001;-0.0213
14/5/2010;40.099.998;40.099.998;39.209.999;39.889.999;-0.0228
17/5/2010;39.93;40.040.001;38.77;39.84;-0.0013
18/5/2010;40.619.999;40.619.999;38.549.999;39.02;-0.0208
19/5/2010;38.540.001;39.66;38.52;39.380.001;0.0092
20/5/2010;38.549.999;39.25;37.310.001;37.830.002;-0.0402
21/5/2010;37.02;40.16;37.02;40.049.999;0.057
24/5/2010;40.16;40.25;38.50;38.619.999;-0.0364
25/5/2010;37.669.998;39.009.998;37.349.998;38.939.999;0.0083
26/5/2010;39.189.999;39.50;38.470.001;38.779.999;-0.0041
27/5/2010;39.580.002;40.490.002;39.400.002;40.419.998;0.0414
28/5/2010;40.330.002;40.349.998;39.360.001;39.580.002;-0.021
1/6/2010;39.32;39.959.999;38.50;38.540.001;-0.0266
2/6/2010;39.169.998;39.619.999;38.669.998;39.549.999;0.0259
3/6/2010;39.860.001;39.939.999;38.619.999;39.099.998;-0.0114
4/6/2010;38.490.002;38.700.001;37.50;37.619.999;-0.0386
7/6/2010;37.790.001;38.130.001;36.66;36.720.001;-0.0242
8/6/2010;36.860.001;37.799.999;36.549.999;37.779.999;0.0285
9/6/2010;38.150.002;38.16;37.009.998;37.119.999;-0.0176
10/6/2010;37.68;38.369.999;37.41;38.290.001;0.031
11/6/2010;37.790.001;38.169.998;37.52;38.09;-0.0052
14/6/2010;37.970.001;38.27;37.23;37.330.002;-0.0202
15/6/2010;37.549.999;38.279.999;37.259.998;38.25;0.0243
16/6/2010;38.02;38.880.001;37.990.002;38.52;0.007
17/6/2010;38.599.998;38.900.002;37.919.998;38.439.999;-0.0021
18/6/2010;38.599.998;39.27;38.380.001;39.18;0.0191
21/6/2010;39.549.999;39.779.999;38.66;38.869.999;-0.0079
22/6/2010;38.93;39.580.002;38.220.001;38.330.002;-0.014
23/6/2010;38.290.001;39.110.001;38.02;38.889.999;0.0145
24/6/2010;38.549.999;38.700.001;37.419.998;38.029.999;-0.0224
25/6/2010;38.779.999;39.599.998;38.279.999;39.439.999;0.0364
28/6/2010;39.549.999;39.639.999;38.470.001;38.540.001;-0.0231
29/6/2010;37.91;37.91;36.880.001;37.060.001;-0.0392
30/6/2010;37.02;37.490.002;36.509.998;36.610.001;-0.0122
1/7/2010;36.540.001;36.689.999;35.16;36.080.002;-0.0146
2/7/2010;36.310.001;36.689.999;35.34;35.830.002;-0.007
6/7/2010;36.689.999;36.880.001;35.860.001;36.330.002;0.0139
7/7/2010;36.639.999;38.240.002;36.41;38.150.002;0.0489
8/7/2010;38.779.999;38.82;37.150.002;38.16;0.0003
9/7/2010;37.75;38.889.999;37.68;38.849.998;0.0179
12/7/2010;38.860.001;39.34;38.599.998;39.189.999;0.0087
13/7/2010;39.810.001;40.689.999;39.740.002;40.48;0.0324
14/7/2010;40.150.002;40.380.001;39.84;40.349.998;-0.0032
15/7/2010;40.720.001;40.84;39.310.001;40.459.999;0.0027
16/7/2010;40.279.999;40.349.998;38.860.001;39.00;-0.0368
19/7/2010;39.029.999;39.360.001;38.119.999;39.040.001;0.001
20/7/2010;38.32;39.639.999;38.279.999;39.630.001;0.015
21/7/2010;40.25;40.25;38.34;38.419.998;-0.031
22/7/2010;38.959.999;39.599.998;38.73;39.349.998;0.0239
23/7/2010;39.169.998;39.959.999;38.970.001;39.830.002;0.0121
26/7/2010;39.799.999;40.360.001;39.50;40.330.002;0.0125
27/7/2010;40.740.002;41.240.002;40.610.001;40.689.999;0.0089
28/7/2010;40.439.999;40.900.002;40.150.002;40.32;-0.0091
29/7/2010;40.709.999;40.830.002;39.91;40.209.999;-0.0027
30/7/2010;39.720.001;40.689.999;39.720.001;40.279.999;0.0017
2/8/2010;40.98;41.700.001;40.73;41.639.999;0.0332
3/8/2010;41.50;41.650.002;40.869.999;41.080.002;-0.0135
4/8/2010;41.220.001;41.400.002;40.860.001;41.290.001;0.0051
5/8/2010;40.970.001;41.43;40.939.999;41.27;-0.0005
6/8/2010;40.740.002;40.950.001;39.970.001;40.439.999;-0.0203
9/8/2010;40.549.999;40.560.001;39.66;39.82;-0.0155
10/8/2010;39.669.998;39.73;39.16;39.169.998;-0.0165
11/8/2010;38.650.002;38.779.999;37.75;37.77;-0.0364
12/8/2010;37.360.001;37.990.002;37.220.001;37.810.001;0.0011
13/8/2010;37.799.999;38.040.001;37.50;37.50;-0.0082
16/8/2010;37.32;37.82;37.279.999;37.689.999;0.0051
17/8/2010;37.970.001;38.07;37.400.002;37.48;-0.0056
18/8/2010;37.389.999;38.189.999;37.389.999;37.889.999;0.0109
19/8/2010;37.66;37.970.001;37.00;37.07;-0.0219
20/8/2010;37.110.001;37.360.001;36.810.001;37.139.999;0.0019
23/8/2010;37.209.999;37.41;36.84;36.880.001;-0.007
24/8/2010;36.59;36.700.001;35.919.998;36.209.999;-0.0183
25/8/2010;35.950.001;36.439.999;35.669.998;36.23;0.0006
26/8/2010;36.360.001;36.619.999;35.619.999;35.630.001;-0.0167
27/8/2010;35.869.999;36.689.999;35.549.999;36.599.998;0.0269
30/8/2010;36.400.002;36.599.998;35.830.002;35.849.998;-0.0207
31/8/2010;35.939.999;36.639.999;35.73;36.360.001;0.0141
1/9/2010;36.740.002;37.799.999;36.66;37.740.002;0.0373
2/9/2010;37.84;38.200.001;37.490.002;38.16;0.0111
3/9/2010;38.470.001;39.169.998;38.470.001;39.169.998;0.0261
7/9/2010;38.73;38.84;38.220.001;38.279.999;-0.023
8/9/2010;38.34;39.43;38.34;39.119.999;0.0217
9/9/2010;39.93;40.32;39.119.999;40.099.998;0.0247
10/9/2010;39.919.998;40.25;39.669.998;39.759.998;-0.0085
13/9/2010;40.639.999;41.470.001;40.639.999;41.119.999;0.0336
14/9/2010;40.970.001;41.23;40.459.999;40.720.001;-0.0098
15/9/2010;40.509.998;41.139.999;40.34;40.98;0.0064
16/9/2010;40.720.001;41.099.998;40.549.999;40.990.002;0.0002
17/9/2010;41.029.999;41.080.002;39.990.002;40.060.001;-0.0229
20/9/2010;40.240.002;41.310.001;40.029.999;41.189.999;0.0278
21/9/2010;41.310.001;41.50;40.470.001;40.59;-0.0147
22/9/2010;40.43;40.84;39.75;39.939.999;-0.0161
23/9/2010;39.630.001;39.700.001;38.990.002;39.099.998;-0.0213
24/9/2010;39.509.998;39.799.999;39.299.999;39.75;0.0165
27/9/2010;39.540.001;39.669.998;39.009.998;39.080.002;-0.017
28/9/2010;39.360.001;39.400.002;38.610.001;38.950.001;-0.0033
29/9/2010;38.790.001;38.880.001;38.060.001;38.41;-0.014
30/9/2010;38.490.002;38.950.001;37.959.999;38.060.001;-0.0092
1/10/2010;38.34;39.09;38.290.001;38.810.001;0.0195
4/10/2010;38.98;39.540.001;38.709.999;38.950.001;0.0036
5/10/2010;39.360.001;39.82;39.07;39.639.999;0.0176
6/10/2010;39.560.001;40.07;39.419.998;39.900.002;0.0065
7/10/2010;40.110.001;40.32;39.200.001;39.52;-0.0096
8/10/2010;39.669.998;39.779.999;39.130.001;39.310.001;-0.0053
11/10/2010;39.52;39.91;39.400.002;39.73;0.0106
12/10/2010;39.470.001;40.490.002;39.470.001;40.400.002;0.0167
13/10/2010;40.66;40.720.001;39.580.002;39.84;-0.014
14/10/2010;39.25;39.380.001;38.099.998;38.720.001;-0.0285
15/10/2010;38.869.999;38.939.999;36.540.001;37.150.002;-0.0414
18/10/2010;37.150.002;38.259.998;37.009.998;38.200.001;0.0279
19/10/2010;37.900.002;38.650.002;37.50;37.689.999;-0.0134
20/10/2010;38.00;38.299.999;37.459.999;38.099.998;0.0108
21/10/2010;38.189.999;38.400.002;36.209.999;37.700.001;-0.0106
22/10/2010;37.50;37.790.001;37.32;37.700.001;0
25/10/2010;37.970.001;38.07;37.00;37.07;-0.0169
26/10/2010;36.98;37.259.998;36.779.999;37.200.001;0.0035
27/10/2010;37.060.001;37.630.001;37.00;37.540.001;0.0091
28/10/2010;37.700.001;37.959.999;37.330.002;37.509.998;-0.0008
29/10/2010;37.450.001;37.740.002;37.32;37.630.001;0.0032
1/11/2010;37.610.001;38.00;37.099.998;37.419.998;-0.0056
2/11/2010;37.529.999;37.57;36.830.002;36.959.999;-0.0124
3/11/2010;36.98;37.830.002;36.959.999;37.720.001;0.0204
4/11/2010;38.139.999;39.849.998;37.860.001;39.799.999;0.0537
5/11/2010;39.889.999;41.34;39.779.999;40.939.999;0.0282
8/11/2010;40.860.001;41.200.001;40.209.999;40.509.998;-0.0106
9/11/2010;40.43;40.68;39.73;39.900.002;-0.0152
10/11/2010;39.869.999;40.639.999;39.59;40.619.999;0.0179
11/11/2010;40.27;40.439.999;39.849.998;40.02;-0.0149
12/11/2010;39.860.001;40.259.998;39.380.001;39.610.001;-0.0103
15/11/2010;39.82;40.639.999;39.709.999;40.080.002;0.0118
16/11/2010;39.740.002;39.970.001;39.040.001;39.610.001;-0.0118
17/11/2010;39.580.002;39.68;38.98;39.18;-0.0109
18/11/2010;39.57;40.00;39.360.001;39.66;0.0122
19/11/2010;39.41;39.639.999;39.259.998;39.41;-0.0063
22/11/2010;39.060.001;39.099.998;38.209.999;38.509.998;-0.0231
23/11/2010;38.009.998;38.220.001;37.599.998;37.630.001;-0.0231
24/11/2010;37.830.002;38.240.002;37.59;38.16;0.014
26/11/2010;37.709.999;37.98;37.50;37.50;-0.0174
29/11/2010;37.470.001;38.09;37.110.001;37.91;0.0109
30/11/2010;37.490.002;37.790.001;37.240.002;37.400.002;-0.0135
1/12/2010;37.950.001;38.189.999;37.650.002;38.150.002;0.0199
2/12/2010;38.43;39.380.001;38.330.002;39.310.001;0.03
3/12/2010;39.07;39.669.998;38.700.001;39.610.001;0.0076
6/12/2010;39.48;40.049.999;39.299.999;39.900.002;0.0073
7/12/2010;40.349.998;40.459.999;39.240.002;39.25;-0.0164
8/12/2010;39.360.001;40.330.002;39.060.001;40.259.998;0.0254
9/12/2010;40.669.998;41.099.998;40.57;40.810.001;0.0136
10/12/2010;40.889.999;41.50;40.77;41.43;0.0151
13/12/2010;41.57;41.990.002;41.16;41.509.998;0.0019
14/12/2010;41.439.999;41.50;40.470.001;40.790.001;-0.0175
15/12/2010;40.73;41.00;40.060.001;40.209.999;-0.0143
16/12/2010;40.419.998;40.68;39.82;40.009.998;-0.005
17/12/2010;40.060.001;40.07;39.529.999;39.669.998;-0.0085
20/12/2010;39.830.002;40.27;39.689.999;39.950.001;0.007
21/12/2010;40.16;41.240.002;39.98;41.00;0.0259
22/12/2010;41.169.998;42.540.001;41.16;42.16;0.0279
23/12/2010;42.150.002;42.27;41.82;42.080.002;-0.0019
27/12/2010;41.82;42.68;41.799.999;42.669.998;0.0139
28/12/2010;42.700.001;43.119.999;42.470.001;42.610.001;-0.0014
29/12/2010;42.580.002;42.77;42.299.999;42.360.001;-0.0059
30/12/2010;42.310.001;42.470.001;42.049.999;42.23;-0.0031
31/12/2010;42.110.001;42.450.001;42.040.001;42.419.998;0.0045
3/1/2011;43.00;44.040.001;42.959.999;43.580.002;0.027
4/1/2011;43.779.999;44.299.999;43.34;44.16;0.0132
5/1/2011;43.919.998;44.950.001;43.900.002;44.700.001;0.0122
6/1/2011;44.400.002;44.799.999;44.25;44.48;-0.0049
7/1/2011;44.540.001;44.59;42.650.002;43.639.999;-0.0191
10/1/2011;43.27;43.77;43.00;43.400.002;-0.0055
11/1/2011;43.700.001;44.02;43.419.998;43.599.998;0.0046
12/1/2011;44.439.999;44.900.002;44.25;44.709.999;0.0251
13/1/2011;44.939.999;44.970.001;44.169.998;44.450.001;-0.0058
14/1/2011;44.509.998;45.939.999;44.450.001;44.91;0.0103
18/1/2011;45.02;45.419.998;44.50;44.75;-0.0036
19/1/2011;44.549.999;44.970.001;43.599.998;43.709.999;-0.0235
20/1/2011;43.830.002;44.990.002;43.610.001;44.75;0.0235
21/1/2011;45.049.999;45.540.001;44.849.998;45.290.001;0.012
24/1/2011;45.209.999;45.48;44.860.001;45.02;-0.006
25/1/2011;44.82;45.43;44.259.998;44.869.999;-0.0033
26/1/2011;45.200.001;45.48;44.869.999;44.98;0.0024
27/1/2011;44.98;45.380.001;44.689.999;45.099.998;0.0027
28/1/2011;45.049.999;45.880.001;44.400.002;44.540.001;-0.0125
31/1/2011;44.41;45.099.998;44.400.002;44.939.999;0.0089
1/2/2011;45.200.001;46.00;45.16;45.93;0.0218
2/2/2011;45.790.001;45.98;45.34;45.450.001;-0.0105
3/2/2011;45.48;45.75;44.84;45.459.999;0.0002
4/2/2011;45.00;45.169.998;44.299.999;44.59;-0.0193
7/2/2011;44.75;45.75;44.650.002;45.50;0.0202
8/2/2011;45.490.002;45.82;45.310.001;45.740.002;0.0053
9/2/2011;45.360.001;45.50;44.650.002;45.110.001;-0.0139
10/2/2011;45.099.998;45.540.001;44.950.001;45.529.999;0.0093
11/2/2011;45.400.002;46.889.999;45.400.002;46.57;0.0226
14/2/2011;46.599.998;46.900.002;46.470.001;46.540.001;-0.0006
15/2/2011;46.560.001;47.34;46.540.001;46.82;0.006
16/2/2011;47.150.002;48.360.001;47.099.998;47.939.999;0.0236
17/2/2011;47.77;47.990.002;47.50;47.82;-0.0025
18/2/2011;47.82;48.130.001;47.549.999;48.00;0.0038
22/2/2011;47.200.001;47.27;45.849.998;46.009.998;-0.0423
23/2/2011;46.040.001;46.50;45.290.001;45.959.999;-0.0011
24/2/2011;45.630.001;46.060.001;45.209.999;45.91;-0.0011
25/2/2011;46.25;46.860.001;46.119.999;46.68;0.0166
28/2/2011;46.810.001;47.18;46.419.998;46.689.999;0.0002
1/3/2011;46.470.001;46.689.999;45.59;45.599.998;-0.0236
2/3/2011;45.389.999;45.970.001;45.07;45.209.999;-0.0086
3/3/2011;45.720.001;46.330.002;45.709.999;46.080.002;0.0191
4/3/2011;45.98;46.040.001;45.099.998;45.52;-0.0122
7/3/2011;45.619.999;45.650.002;44.759.998;45.189.999;-0.0073
8/3/2011;45.380.001;46.689.999;45.299.999;46.400.002;0.0264
9/3/2011;46.330.002;47.099.998;46.02;46.560.001;0.0034
10/3/2011;46.080.002;46.25;45.259.998;45.529.999;-0.0224
11/3/2011;45.279.999;45.84;45.25;45.740.002;0.0046
14/3/2011;45.419.998;45.540.001;44.630.001;45.299.999;-0.0097
15/3/2011;44.549.999;44.990.002;43.849.998;44.610.001;-0.0153
16/3/2011;44.639.999;44.779.999;43.66;43.810.001;-0.0181
17/3/2011;44.459.999;44.610.001;43.400.002;44.560.001;0.017
18/3/2011;45.240.002;46.18;44.75;45.740.002;0.0261
21/3/2011;46.279.999;46.32;45.32;45.630.001;-0.0024
22/3/2011;45.66;45.709.999;45.349.998;45.470.001;-0.0035
23/3/2011;45.290.001;45.689.999;44.77;45.599.998;0.0029
24/3/2011;45.700.001;45.84;45.09;45.73;0.0028
25/3/2011;45.700.001;46.380.001;45.669.998;45.860.001;0.0028
28/3/2011;46.099.998;46.50;45.950.001;45.959.999;0.0022
29/3/2011;45.830.002;46.040.001;45.52;46.02;0.0013
30/3/2011;46.529.999;46.849.998;46.220.001;46.450.001;0.0093
31/3/2011;46.049.999;46.34;45.959.999;46.099.998;-0.0076
1/4/2011;46.549.999;46.880.001;46.18;46.349.998;0.0054
4/4/2011;46.119.999;46.52;46.049.999;46.34;-0.0002
5/4/2011;46.169.998;46.77;46.049.999;46.580.002;0.0052
6/4/2011;46.810.001;47.73;46.630.001;47.639.999;0.0225
7/4/2011;47.639.999;47.799.999;46.959.999;47.400.002;-0.0051
8/4/2011;47.52;47.66;46.630.001;46.84;-0.0119
11/4/2011;47.00;47.27;46.75;46.860.001;0.0004
12/4/2011;46.549.999;47.110.001;46.25;46.639.999;-0.0047
13/4/2011;47.240.002;47.369.999;45.880.001;46.25;-0.0084
14/4/2011;45.68;45.75;44.91;44.970.001;-0.0281
15/4/2011;45.240.002;45.369.999;44.830.002;44.889.999;-0.0018
18/4/2011;44.27;44.349.998;43.529.999;43.959.999;-0.0209
19/4/2011;44.259.998;44.709.999;43.759.998;44.650.002;0.0156
20/4/2011;44.900.002;44.970.001;43.939.999;44.560.001;-0.002
21/4/2011;44.68;44.84;44.119.999;44.68;0.0027
25/4/2011;44.650.002;45.02;44.380.001;44.610.001;-0.0016
26/4/2011;44.849.998;45.43;44.610.001;45.119.999;0.0114
27/4/2011;45.299.999;45.630.001;45.049.999;45.50;0.0084
28/4/2011;45.610.001;45.93;45.41;45.849.998;0.0077
29/4/2011;45.810.001;46.02;45.400.002;45.630.001;-0.0048
2/5/2011;45.939.999;45.990.002;45.110.001;45.18;-0.0099
3/5/2011;44.950.001;46.07;44.860.001;45.919.998;0.0162
4/5/2011;45.98;46.040.001;45.279.999;45.50;-0.0092
5/5/2011;45.240.002;45.709.999;44.990.002;45.169.998;-0.0073
6/5/2011;45.470.001;45.709.999;44.759.998;45.040.001;-0.0029
9/5/2011;44.75;45.110.001;44.32;44.959.999;-0.0018
10/5/2011;45.060.001;45.50;44.98;45.16;0.0044
11/5/2011;45.02;45.040.001;44.110.001;44.23;-0.0208
12/5/2011;44.099.998;44.330.002;43.549.999;44.09;-0.0032
13/5/2011;44.060.001;44.099.998;42.98;43.150.002;-0.0216
16/5/2011;42.970.001;43.48;42.720.001;42.880.001;-0.0063
17/5/2011;42.68;44.02;42.650.002;43.810.001;0.0215
18/5/2011;43.720.001;44.240.002;43.41;44.080.002;0.0061
19/5/2011;44.32;44.349.998;43.75;44.00;-0.0018
20/5/2011;43.830.002;44.09;43.09;43.130.001;-0.02
23/5/2011;42.400.002;42.900.002;42.299.999;42.549.999;-0.0135
24/5/2011;42.77;42.919.998;41.689.999;42.34;-0.0049
25/5/2011;42.110.001;42.75;42.099.998;42.27;-0.0017
26/5/2011;42.119.999;42.59;42.099.998;42.450.001;0.0042
27/5/2011;42.700.001;43.150.002;42.540.001;42.790.001;0.008
31/5/2011;43.240.002;43.380.001;42.77;43.240.002;0.0105
1/6/2011;42.869.999;42.990.002;41.73;41.759.998;-0.0348
2/6/2011;41.93;42.200.001;40.830.002;41.610.001;-0.0036
3/6/2011;41.09;42.25;41.02;41.57;-0.001
6/6/2011;41.099.998;41.240.002;40.369.999;40.529.999;-0.0253
7/6/2011;40.919.998;41.310.001;40.650.002;40.720.001;0.0047
8/6/2011;40.580.002;41.07;40.200.001;40.389.999;-0.0081
9/6/2011;40.59;41.240.002;40.540.001;40.98;0.0145
10/6/2011;40.59;41.50;40.099.998;41.049.999;0.0017
13/6/2011;41.290.001;41.82;40.720.001;41.669.998;0.015
14/6/2011;42.130.001;42.439.999;41.48;41.610.001;-0.0014
15/6/2011;41.02;41.400.002;40.25;40.68;-0.0226
16/6/2011;40.630.001;40.709.999;39.700.001;40.360.001;-0.0079
17/6/2011;40.849.998;41.060.001;40.540.001;40.799.999;0.0108
20/6/2011;40.50;40.810.001;40.119.999;40.48;-0.0079
21/6/2011;40.68;41.23;40.25;40.91;0.0106
22/6/2011;40.669.998;41.529.999;40.48;40.689.999;-0.0054
23/6/2011;40.119.999;40.25;39.619.999;40.07;-0.0154
24/6/2011;40.049.999;40.18;39.439.999;39.490.002;-0.0146
27/6/2011;39.400.002;40.110.001;39.330.002;39.880.001;0.0098
28/6/2011;40.07;40.07;39.240.002;39.540.001;-0.0086
29/6/2011;40.040.001;40.560.001;39.919.998;40.450.001;0.0228
30/6/2011;40.720.001;41.07;40.369.999;40.939.999;0.012
1/7/2011;40.810.001;41.720.001;40.77;41.580.002;0.0155
5/7/2011;41.509.998;41.509.998;40.970.001;41.029.999;-0.0133
6/7/2011;40.59;40.650.002;40.18;40.560.001;-0.0115
7/7/2011;41.189.999;41.790.001;41.099.998;41.32;0.0186
8/7/2011;40.700.001;40.970.001;40.560.001;40.740.002;-0.0141
11/7/2011;40.189.999;40.220.001;39.290.001;39.43;-0.0327
12/7/2011;39.240.002;40.119.999;39.240.002;39.389.999;-0.001
13/7/2011;39.669.998;40.369.999;39.41;39.619.999;0.0058
14/7/2011;41.18;41.240.002;40.290.001;40.349.998;0.0183
15/7/2011;40.610.001;40.75;39.50;39.98;-0.0092
18/7/2011;39.790.001;40.00;38.93;39.830.002;-0.0038
19/7/2011;39.919.998;40.490.002;39.709.999;40.389.999;0.014
20/7/2011;40.689.999;41.360.001;40.619.999;40.959.999;0.014
21/7/2011;41.57;42.549.999;41.23;42.290.001;0.032
22/7/2011;42.27;42.32;41.759.998;42.189.999;-0.0024
25/7/2011;41.52;41.91;41.290.001;41.689.999;-0.0119
26/7/2011;41.50;41.790.001;41.290.001;41.439.999;-0.006
27/7/2011;41.200.001;41.400.002;40.59;40.669.998;-0.0188
28/7/2011;40.689.999;41.240.002;40.619.999;40.68;0.0002
29/7/2011;40.240.002;40.75;39.900.002;40.450.001;-0.0057
1/8/2011;41.16;41.369.999;39.959.999;40.439.999;-0.0002
2/8/2011;40.099.998;40.380.001;39.84;39.84;-0.0149
3/8/2011;39.759.998;40.02;39.349.998;39.900.002;0.0015
4/8/2011;39.310.001;39.59;37.82;37.919.998;-0.0509
5/8/2011;38.299.999;38.75;36.720.001;37.599.998;-0.0085
8/8/2011;36.23;37.720.001;33.689.999;34.060.001;-0.0989
9/8/2011;35.380.001;36.59;33.689.999;36.400.002;0.0664
10/8/2011;35.52;35.849.998;33.990.002;34.369.999;-0.0574
11/8/2011;34.630.001;37.299.999;34.630.001;36.689.999;0.0653
12/8/2011;37.130.001;37.849.998;35.580.002;35.91;-0.0215
15/8/2011;36.529.999;37.139.999;36.389.999;36.880.001;0.0267
16/8/2011;36.27;36.57;35.77;36.029.999;-0.0233
17/8/2011;36.459.999;37.259.998;36.32;36.57;0.0149
18/8/2011;35.27;35.470.001;34.50;35.189.999;-0.0385
19/8/2011;34.759.998;35.50;34.259.998;34.349.998;-0.0242
22/8/2011;35.119.999;35.18;33.349.998;33.41;-0.0277
23/8/2011;33.290.001;34.799.999;32.310.001;34.779.999;0.0402
24/8/2011;34.82;36.009.998;34.68;35.830.002;0.0297
25/8/2011;37.790.001;38.57;35.419.998;35.720.001;-0.0031
26/8/2011;35.279.999;36.48;34.82;36.209.999;0.0136
29/8/2011;36.82;37.639.999;36.470.001;37.639.999;0.0387
30/8/2011;37.400.002;37.720.001;36.75;37.060.001;-0.0155
31/8/2011;37.419.998;38.029.999;37.220.001;37.560.001;0.0134
1/9/2011;37.619.999;37.82;36.290.001;36.299.999;-0.0341
2/9/2011;35.060.001;35.25;34.509.998;34.630.001;-0.0471
6/9/2011;33.110.001;33.50;32.779.999;33.439.999;-0.035
7/9/2011;34.099.998;34.98;33.869.999;34.82;0.0404
8/9/2011;34.439.999;34.91;33.439.999;33.509.998;-0.0383
9/9/2011;33.080.002;33.200.001;31.93;32.080.002;-0.0436
12/9/2011;31.35;32.419.998;31.209.999;32.419.998;0.0105
13/9/2011;32.810.001;33.41;32.169.998;32.490.002;0.0022
14/9/2011;32.73;33.189.999;31.860.001;32.799.999;0.0095
15/9/2011;33.369.999;33.82;33.130.001;33.810.001;0.0303
16/9/2011;34.049.999;34.27;33.02;33.43;-0.0113
19/9/2011;32.689.999;32.889.999;32.130.001;32.490.002;-0.0285
20/9/2011;32.77;32.799.999;32.240.002;32.25;-0.0074
21/9/2011;32.23;32.450.001;30.26;30.34;-0.0611
22/9/2011;29.35;29.629.999;28.530.001;29.27;-0.0359
23/9/2011;28.959.999;29.799.999;28.860.001;29.59;0.0109
26/9/2011;30.059.999;31.809.999;29.959.999;31.65;0.0673
27/9/2011;32.619.999;33.130.001;31.25;31.57;-0.0025
28/9/2011;31.620.001;32.00;30.42;30.469.999;-0.0355
29/9/2011;31.58;32.110.001;30.440.001;31.389.999;0.0297
30/9/2011;30.74;30.950.001;30.110.001;30.120.001;-0.0413
3/10/2011;30.030.001;30.700.001;28.639.999;28.65;-0.05
4/10/2011;28.25;30.43;27.85;30.26;0.0547
5/10/2011;30.23;31.17;29.40;30.84;0.019
6/10/2011;30.709.999;32.459.999;30.42;32.380.001;0.0487
7/10/2011;32.580.002;32.610.001;30.65;30.700.001;-0.0533
10/10/2011;31.60;32.32;31.58;32.299.999;0.0508
11/10/2011;31.98;32.68;31.41;32.299.999;0
12/10/2011;32.759.998;33.869.999;32.689.999;33.200.001;0.0275
13/10/2011;32.450.001;32.490.002;30.92;31.60;-0.0494
14/10/2011;31.870.001;32.32;31.40;31.889.999;0.0091
17/10/2011;31.639.999;32.09;30.969.999;31.040.001;-0.027
18/10/2011;31.360.001;33.419.998;31.139.999;32.869.999;0.0573
19/10/2011;32.77;34.009.998;32.029.999;32.25;-0.019
20/10/2011;32.32;33.189.999;31.67;33.130.001;0.0269
21/10/2011;33.48;34.040.001;33.009.998;33.419.998;0.0087
24/10/2011;33.610.001;34.689.999;33.57;34.57;0.0338
25/10/2011;34.18;34.25;33.360.001;33.490.002;-0.0317
26/10/2011;34.110.001;34.41;33.50;34.18;0.0204
27/10/2011;36.560.001;37.540.001;35.700.001;37.02;0.0798
28/10/2011;36.610.001;36.98;36.189.999;36.689.999;-0.009
31/10/2011;35.93;36.00;34.73;34.759.998;-0.054
1/11/2011;32.470.001;33.639.999;31.84;32.709.999;-0.0608
2/11/2011;33.709.999;33.740.002;33.060.001;33.639.999;0.028
3/11/2011;34.119.999;34.52;32.84;34.380.001;0.0218
4/11/2011;33.990.002;34.060.001;33.450.001;33.970.001;-0.012
7/11/2011;34.029.999;34.34;33.709.999;34.240.002;0.0079
8/11/2011;34.529.999;35.18;34.02;35.02;0.0225
9/11/2011;33.84;33.990.002;32.380.001;32.540.001;-0.0734
10/11/2011;32.919.998;33.23;32.279.999;32.740.002;0.0061
11/11/2011;33.279.999;33.849.998;33.02;33.279.999;0.0164
14/11/2011;32.950.001;32.98;32.220.001;32.549.999;-0.0222
15/11/2011;32.09;33.110.001;32.080.002;32.700.001;0.0046
16/11/2011;32.34;32.490.002;31.40;31.469.999;-0.0383
17/11/2011;31.40;31.50;30.34;30.49;-0.0316
18/11/2011;30.67;30.85;30.33;30.620.001;0.0043
21/11/2011;30.02;30.190.001;29.60;29.91;-0.0235
22/11/2011;29.90;30.10;29.379.999;29.41;-0.0169
23/11/2011;29.110.001;29.15;28.33;28.379.999;-0.0357
25/11/2011;28.280.001;29.17;28.280.001;28.48;0.0035
28/11/2011;29.709.999;30.07;28.82;29.16;0.0236
29/11/2011;28.98;29.129.999;28.48;28.559.999;-0.0208
30/11/2011;30.15;31.00;29.799.999;30.969.999;0.081
1/12/2011;30.860.001;30.969.999;30.030.001;30.459.999;-0.0166
2/12/2011;30.879.999;33.27;30.809.999;32.330.002;0.0596
5/12/2011;33.639.999;34.099.998;33.220.001;33.509.998;0.0358
6/12/2011;33.259.998;33.580.002;32.68;33.23;-0.0084
7/12/2011;32.82;34.189.999;32.720.001;34.00;0.0229
8/12/2011;33.549.999;33.700.001;32.080.002;32.220.001;-0.0538
9/12/2011;32.360.001;33.310.001;32.360.001;33.18;0.0294
12/12/2011;32.549.999;32.599.998;31.76;32.040.001;-0.035
13/12/2011;32.369.999;32.630.001;30.870.001;31.290.001;-0.0237
14/12/2011;30.879.999;31.940.001;30.83;31.51;0.007
15/12/2011;32.099.998;32.279.999;31.57;31.76;0.0079
16/12/2011;32.16;32.599.998;31.809.999;31.889.999;0.0041
19/12/2011;31.870.001;31.90;30.42;30.700.001;-0.038
20/12/2011;31.40;32.439.999;31.24;32.209.999;0.048
21/12/2011;32.00;32.41;31.90;32.32;0.0034
22/12/2011;32.689.999;33.549.999;32.540.001;33.450.001;0.0344
23/12/2011;33.619.999;33.700.001;33.130.001;33.57;0.0036
27/12/2011;33.220.001;33.689.999;33.029.999;33.029.999;-0.0162
28/12/2011;32.990.002;33.09;32.57;32.650.002;-0.0116
29/12/2011;32.709.999;33.52;32.709.999;33.419.998;0.0233
30/12/2011;33.110.001;33.419.998;33.060.001;33.25;-0.0051
3/1/2012;34.060.001;35.189.999;34.009.998;34.98;0.0507
4/1/2012;34.439.999;35.150.002;34.330.002;34.950.001;-0.0009
5/1/2012;34.709.999;35.919.998;34.400.002;35.68;0.0207
6/1/2012;35.689.999;35.77;35.139.999;35.360.001;-0.009
9/1/2012;35.439.999;35.68;34.990.002;35.299.999;-0.0017
10/1/2012;36.07;36.349.998;35.759.998;36.049.999;0.021
11/1/2012;35.799.999;36.740.002;35.66;36.66;0.0168
12/1/2012;36.82;37.049.999;36.169.998;36.849.998;0.0052
13/1/2012;35.259.998;35.919.998;35.130.001;35.919.998;-0.0256
17/1/2012;34.849.998;35.68;34.50;34.91;-0.0285
18/1/2012;34.540.001;36.68;34.529.999;36.540.001;0.0456
19/1/2012;36.84;37.150.002;36.709.999;36.93;0.0106
20/1/2012;36.779.999;37.400.002;36.619.999;37.360.001;0.0116
23/1/2012;37.310.001;37.939.999;37.27;37.66;0.008
24/1/2012;37.18;37.889.999;36.799.999;37.66;0
25/1/2012;37.360.001;37.82;37.119.999;37.599.998;-0.0016
26/1/2012;37.880.001;38.099.998;37.25;37.490.002;-0.0029
27/1/2012;37.23;37.66;37.150.002;37.209.999;-0.0075
30/1/2012;36.66;37.169.998;36.360.001;37.009.998;-0.0054
31/1/2012;37.529.999;37.540.001;36.93;37.299.999;0.0078
1/2/2012;37.889.999;38.029.999;37.50;37.599.998;0.008
2/2/2012;37.689.999;38.16;37.419.998;37.549.999;-0.0013
3/2/2012;38.27;38.50;38.049.999;38.279.999;0.0193
6/2/2012;38.060.001;38.32;37.810.001;38.139.999;-0.0037
7/2/2012;37.860.001;38.119.999;37.700.001;37.869.999;-0.0071
8/2/2012;38.049.999;38.349.998;37.970.001;38.299.999;0.0113
9/2/2012;38.599.998;38.68;37.84;37.860.001;-0.0116
10/2/2012;37.220.001;37.77;37.110.001;37.610.001;-0.0066
13/2/2012;38.080.002;38.34;37.779.999;38.299.999;0.0182
14/2/2012;38.23;38.259.998;37.439.999;37.919.998;-0.01
15/2/2012;38.080.002;38.400.002;37.310.001;37.400.002;-0.0138
16/2/2012;37.150.002;38.119.999;37.049.999;38.00;0.0159
17/2/2012;38.599.998;38.639.999;38.23;38.470.001;0.0123
21/2/2012;38.650.002;38.970.001;38.41;38.459.999;-0.0003
22/2/2012;38.299.999;38.389.999;37.900.002;38.07;-0.0102
23/2/2012;38.060.001;38.52;37.75;38.490.002;0.011
24/2/2012;38.66;38.68;38.189.999;38.279.999;-0.0055
27/2/2012;38.07;39.23;37.790.001;39.060.001;0.0202
28/2/2012;39.130.001;39.549.999;38.849.998;39.209.999;0.0038
29/2/2012;39.330.002;39.939.999;39.02;39.240.002;0.0008
1/3/2012;39.509.998;40.450.001;39.470.001;40.369.999;0.0284
2/3/2012;40.43;40.880.001;40.23;40.630.001;0.0064
5/3/2012;40.700.001;40.709.999;40.00;40.400.002;-0.0057
6/3/2012;39.450.001;39.869.999;39.119.999;39.32;-0.0271
7/3/2012;39.459.999;40.060.001;39.380.001;39.950.001;0.0159
8/3/2012;40.470.001;40.75;40.220.001;40.439.999;0.0122
9/3/2012;40.75;41.439.999;40.50;41.029.999;0.0145
12/3/2012;40.860.001;40.98;40.200.001;40.540.001;-0.012
13/3/2012;41.02;43.73;40.82;43.389.999;0.0679
14/3/2012;43.619.999;44.00;43.07;43.580.002;0.0044
15/3/2012;43.639.999;44.919.998;42.93;44.700.001;0.0254
16/3/2012;44.869.999;44.919.998;44.220.001;44.57;-0.0029
19/3/2012;44.439.999;45.349.998;44.209.999;45.00;0.0096
20/3/2012;44.529.999;45.599.998;44.369.999;45.380.001;0.0084
21/3/2012;45.529.999;45.669.998;44.860.001;45.119.999;-0.0057
22/3/2012;44.720.001;45.099.998;44.41;44.650.002;-0.0105
23/3/2012;44.450.001;45.25;44.439.999;45.16;0.0114
26/3/2012;45.48;46.169.998;45.400.002;46.169.998;0.0221
27/3/2012;45.919.998;46.490.002;45.830.002;45.889.999;-0.0061
28/3/2012;45.759.998;46.310.001;45.360.001;46.27;0.0082
29/3/2012;45.919.998;46.02;45.27;45.669.998;-0.0131
30/3/2012;46.080.002;46.130.001;45.50;45.98;0.0068
2/4/2012;45.75;46.349.998;45.459.999;46.130.001;0.0033
3/4/2012;45.740.002;45.990.002;44.970.001;45.419.998;-0.0155
4/4/2012;44.68;44.860.001;43.959.999;44.41;-0.0225
5/4/2012;44.130.001;44.73;43.810.001;44.34;-0.0016
9/4/2012;43.189.999;44.279.999;43.07;43.889.999;-0.0102
10/4/2012;43.880.001;44.009.998;42.66;42.959.999;-0.0214
11/4/2012;43.59;44.209.999;43.57;44.009.998;0.0241
12/4/2012;44.119.999;44.990.002;44.00;44.84;0.0187
13/4/2012;44.950.001;44.950.001;43.060.001;43.209.999;-0.037
16/4/2012;43.380.001;43.799.999;42.84;43.330.002;0.0028
17/4/2012;43.689.999;44.00;43.16;43.900.002;0.0131
18/4/2012;43.619.999;43.91;43.27;43.290.001;-0.014
19/4/2012;43.439.999;43.689.999;42.77;43.220.001;-0.0016
20/4/2012;43.509.998;43.580.002;42.709.999;42.720.001;-0.0116
23/4/2012;41.919.998;42.959.999;41.799.999;42.849.998;0.003
24/4/2012;42.98;43.310.001;42.810.001;43.279.999;0.01
25/4/2012;43.650.002;43.889.999;42.98;43.16;-0.0028
26/4/2012;43.220.001;43.889.999;43.060.001;43.799.999;0.0147
27/4/2012;43.939.999;43.990.002;43.23;43.34;-0.0106
30/4/2012;43.330.002;43.369.999;42.540.001;42.98;-0.0083
1/5/2012;43.00;44.240.002;42.959.999;43.790.001;0.0187
2/5/2012;43.459.999;43.529.999;42.84;43.200.001;-0.0136
3/5/2012;43.380.001;43.389.999;42.669.998;43.009.998;-0.0044
4/5/2012;42.330.002;42.68;41.709.999;41.75;-0.0297
7/5/2012;41.43;42.400.002;41.369.999;41.779.999;0.0007
8/5/2012;41.50;41.84;40.950.001;41.380.001;-0.0096
9/5/2012;40.720.001;41.02;40.119.999;40.639.999;-0.018
10/5/2012;41.23;41.400.002;40.540.001;40.740.002;0.0025
11/5/2012;37.139.999;37.990.002;36.619.999;36.959.999;-0.0974
14/5/2012;36.099.998;36.470.001;35.759.998;35.790.001;-0.0322
15/5/2012;36.189.999;37.27;36.119.999;36.240.002;0.0125
16/5/2012;36.790.001;36.98;35.459.999;35.459.999;-0.0218
17/5/2012;35.040.001;35.099.998;33.880.001;33.93;-0.0441
18/5/2012;33.990.002;33.990.002;32.970.001;33.490.002;-0.0131
21/5/2012;33.52;33.709.999;32.259.998;32.509.998;-0.0297
22/5/2012;33.32;34.580.002;32.990.002;34.009.998;0.0451
23/5/2012;33.619.999;34.419.998;33.209.999;34.259.998;0.0073
24/5/2012;34.439.999;34.48;33.619.999;33.970.001;-0.0085
25/5/2012;34.00;34.130.001;33.290.001;33.50;-0.0139
29/5/2012;33.98;34.00;33.360.001;33.630.001;0.0039
30/5/2012;33.299.999;33.439.999;32.950.001;32.959.999;-0.0201
31/5/2012;32.959.999;33.470.001;32.91;33.150.002;0.0057
1/6/2012;32.41;32.650.002;31.77;31.93;-0.0375
4/6/2012;32.16;32.169.998;30.83;31.00;-0.0296
5/6/2012;30.889.999;32.130.001;30.860.001;31.99;0.0314
6/6/2012;32.709.999;33.310.001;32.27;33.07;0.0332
7/6/2012;33.77;33.830.002;32.799.999;32.810.001;-0.0079
8/6/2012;32.77;33.68;32.549.999;33.68;0.0262
11/6/2012;34.369.999;34.439.999;32.779.999;32.82;-0.0259
12/6/2012;32.880.001;33.779.999;32.509.998;33.77;0.0285
13/6/2012;33.689.999;35.07;33.630.001;34.299.999;0.0156
14/6/2012;34.41;34.889.999;34.07;34.650.002;0.0102
15/6/2012;34.889.999;35.07;34.41;35.029.999;0.0109
18/6/2012;34.709.999;35.299.999;34.50;34.619.999;-0.0118
19/6/2012;34.990.002;35.630.001;34.73;35.380.001;0.0217
20/6/2012;36.029.999;36.939.999;35.830.002;36.450.001;0.0298
21/6/2012;36.490.002;37.029.999;35.43;35.509.998;-0.0261
22/6/2012;36.02;36.490.002;35.959.999;35.990.002;0.0134
25/6/2012;35.259.998;35.470.001;34.639.999;35.32;-0.0188
26/6/2012;36.060.001;36.119.999;35.580.002;35.709.999;0.011
27/6/2012;35.639.999;36.82;35.50;36.779.999;0.0295
28/6/2012;35.32;35.93;34.849.998;35.880.001;-0.0248
29/6/2012;36.700.001;36.799.999;35.25;35.73;-0.0042
2/7/2012;36.27;36.360.001;35.59;36.279.999;0.0153
3/7/2012;35.959.999;36.139.999;35.540.001;35.880.001;-0.0111
5/7/2012;35.610.001;35.66;34.220.001;34.380.001;-0.0427
6/7/2012;33.919.998;34.119.999;33.73;33.900.002;-0.0141
9/7/2012;33.810.001;34.119.999;33.540.001;33.959.999;0.0018
10/7/2012;34.220.001;34.450.001;33.810.001;34.25;0.0085
11/7/2012;34.209.999;34.799.999;34.119.999;34.59;0.0099
12/7/2012;34.330.002;34.57;33.939.999;34.040.001;-0.016
13/7/2012;35.060.001;36.200.001;34.860.001;36.07;0.0579
16/7/2012;35.759.998;35.849.998;34.73;35.09;-0.0275
17/7/2012;35.439.999;35.48;34.27;34.990.002;-0.0029
18/7/2012;34.75;35.23;34.650.002;34.959.999;-0.0009
19/7/2012;35.02;35.169.998;34.310.001;34.459.999;-0.0144
20/7/2012;34.049.999;34.130.001;33.900.002;33.900.002;-0.0164
23/7/2012;33.240.002;34.50;33.099.998;34.439.999;0.0158
24/7/2012;34.580.002;34.889.999;34.220.001;34.73;0.0084
25/7/2012;34.98;35.450.001;34.790.001;35.169.998;0.0126
26/7/2012;35.779.999;35.939.999;35.34;35.810.001;0.018
27/7/2012;36.009.998;37.200.001;35.509.998;36.889.999;0.0297
30/7/2012;36.50;36.52;35.939.999;36.139.999;-0.0205
31/7/2012;36.110.001;36.330.002;35.91;36.00;-0.0039
1/8/2012;36.189.999;36.400.002;35.82;36.00;0
2/8/2012;35.619.999;35.84;34.759.998;35.169.998;-0.0233
3/8/2012;35.82;36.290.001;35.50;36.09;0.0258
6/8/2012;36.240.002;36.799.999;36.110.001;36.299.999;0.0058
7/8/2012;36.57;37.869.999;36.57;37.009.998;0.0194
8/8/2012;36.849.998;37.48;36.75;37.16;0.004
9/8/2012;36.720.001;37.259.998;36.59;36.919.998;-0.0065
10/8/2012;36.759.998;37.00;36.400.002;36.970.001;0.0014
13/8/2012;36.869.999;37.09;36.650.002;36.990.002;0.0005
14/8/2012;37.419.998;37.639.999;36.98;37.099.998;0.003
15/8/2012;37.07;37.41;36.950.001;37.07;-0.0008
16/8/2012;37.18;37.349.998;36.799.999;37.099.998;0.0008
17/8/2012;37.200.001;37.200.001;36.799.999;36.98;-0.0032
20/8/2012;36.919.998;37.50;36.799.999;37.369.999;0.0105
21/8/2012;37.630.001;38.860.001;37.560.001;38.040.001;0.0178
22/8/2012;37.880.001;38.18;37.560.001;37.830.002;-0.0055
23/8/2012;37.810.001;37.889.999;37.200.001;37.23;-0.016
24/8/2012;36.939.999;37.439.999;36.669.998;37.169.998;-0.0016
27/8/2012;37.310.001;37.439.999;36.900.002;37.23;0.0016
28/8/2012;37.099.998;37.490.002;36.900.002;37.130.001;-0.0027
29/8/2012;37.32;37.490.002;37.060.001;37.299.999;0.0046
30/8/2012;37.060.001;37.130.001;36.709.999;36.900.002;-0.0108
31/8/2012;37.139.999;37.400.002;36.860.001;37.139.999;0.0065
4/9/2012;36.98;37.240.002;36.779.999;37.009.998;-0.0035
5/9/2012;37.080.002;37.290.001;36.939.999;37.110.001;0.0027
6/9/2012;37.580.002;38.869.999;37.50;38.689.999;0.0417
7/9/2012;39.040.001;39.529.999;39.00;39.299.999;0.0156
10/9/2012;39.23;39.779.999;38.73;38.759.998;-0.0138
11/9/2012;38.799.999;39.630.001;38.73;39.599.998;0.0214
12/9/2012;39.880.001;40.25;39.790.001;39.919.998;0.008
13/9/2012;39.84;41.580.002;39.59;41.400.002;0.0364
14/9/2012;41.959.999;42.09;41.23;41.57;0.0041
17/9/2012;41.00;41.439.999;40.950.001;41.189.999;-0.0092
18/9/2012;41.049.999;41.330.002;40.66;41.259.998;0.0017
19/9/2012;41.330.002;41.759.998;41.040.001;41.34;0.0019
20/9/2012;40.959.999;41.279.999;40.549.999;41.25;-0.0022
21/9/2012;41.529.999;41.700.001;40.77;40.880.001;-0.009
24/9/2012;40.610.001;41.470.001;40.59;41.23;0.0085
25/9/2012;41.549.999;41.549.999;40.529.999;40.549.999;-0.0166
26/9/2012;40.150.002;40.630.001;39.700.001;40.240.002;-0.0077
27/9/2012;40.400.002;40.990.002;40.209.999;40.68;0.0109
28/9/2012;40.419.998;40.630.001;40.16;40.48;-0.0049
1/10/2012;40.880.001;41.50;40.799.999;40.970.001;0.012
2/10/2012;41.139.999;41.240.002;40.560.001;40.919.998;-0.0012
3/10/2012;40.830.002;41.00;40.419.998;40.860.001;-0.0015
4/10/2012;41.16;41.990.002;40.91;41.82;0.0232
5/10/2012;42.040.001;42.439.999;41.459.999;41.709.999;-0.0026
8/10/2012;41.330.002;41.84;41.110.001;41.66;-0.0012
9/10/2012;41.77;41.950.001;41.299.999;41.380.001;-0.0067
10/10/2012;41.549.999;42.00;41.330.002;41.77;0.0094
11/10/2012;42.369.999;42.639.999;41.849.998;42.099.998;0.0079
12/10/2012;41.599.998;42.43;41.150.002;41.619.999;-0.0115
15/10/2012;41.91;42.41;41.73;42.380.001;0.0181
16/10/2012;42.790.001;43.110.001;42.27;42.830.002;0.0106
17/10/2012;42.93;43.540.001;42.77;43.32;0.0114
18/10/2012;43.09;43.349.998;42.75;43.009.998;-0.0072
19/10/2012;42.799.999;42.82;42.060.001;42.32;-0.0162
22/10/2012;42.25;42.52;41.50;42.09;-0.0054
23/10/2012;41.470.001;41.740.002;41.049.999;41.330.002;-0.0182
24/10/2012;41.68;41.880.001;41.34;41.709.999;0.0092
25/10/2012;42.240.002;42.279.999;41.400.002;41.669.998;-0.001
26/10/2012;41.419.998;41.66;40.869.999;41.16;-0.0123
31/10/2012;41.450.001;41.790.001;41.150.002;41.68;0.0126
1/11/2012;41.700.001;42.900.002;41.580.002;42.84;0.0275
2/11/2012;43.040.001;43.07;42.330.002;42.419.998;-0.0099
5/11/2012;42.330.002;42.360.001;41.860.001;42.27;-0.0035
6/11/2012;42.57;43.049.999;42.41;42.880.001;0.0143
7/11/2012;42.009.998;42.009.998;40.310.001;40.48;-0.0576
8/11/2012;41.279.999;41.50;40.400.002;40.400.002;-0.002
9/11/2012;40.310.001;41.23;39.860.001;40.619.999;0.0054
12/11/2012;40.849.998;40.91;40.299.999;40.580.002;-0.001
13/11/2012;40.18;40.52;40.00;40.040.001;-0.0134
14/11/2012;40.209.999;40.369.999;39.130.001;39.290.001;-0.0189
15/11/2012;39.060.001;39.720.001;38.970.001;39.389.999;0.0025
16/11/2012;39.43;39.669.998;38.830.002;39.529.999;0.0035
19/11/2012;40.09;40.700.001;40.09;40.59;0.0265
20/11/2012;40.330.002;41.18;40.25;40.700.001;0.0027
21/11/2012;40.939.999;40.98;40.349.998;40.73;0.0007
23/11/2012;41.099.998;41.220.001;40.970.001;41.09;0.0088
26/11/2012;40.790.001;40.880.001;40.09;40.880.001;-0.0051
27/11/2012;40.869.999;41.200.001;40.639.999;40.75;-0.0032
28/11/2012;40.490.002;40.880.001;39.880.001;40.830.002;0.002
29/11/2012;41.150.002;41.349.998;40.91;41.220.001;0.0095
30/11/2012;40.990.002;41.34;40.849.998;41.080.002;-0.0034
3/12/2012;41.27;41.369.999;40.75;40.810.001;-0.0066
4/12/2012;40.779.999;40.919.998;40.200.001;40.57;-0.0059
5/12/2012;40.689.999;41.490.002;40.50;41.200.001;0.0154
6/12/2012;41.25;41.549.999;41.110.001;41.470.001;0.0065
7/12/2012;41.84;42.57;41.73;42.560.001;0.0259
10/12/2012;42.540.001;42.669.998;42.009.998;42.310.001;-0.0059
11/12/2012;42.599.998;43.09;42.419.998;42.639.999;0.0078
12/12/2012;43.00;43.380.001;42.700.001;42.77;0.003
13/12/2012;42.650.002;42.919.998;42.50;42.779.999;0.0002
14/12/2012;42.77;43.110.001;42.709.999;42.810.001;0.0007
17/12/2012;43.00;43.509.998;42.810.001;43.48;0.0155
18/12/2012;43.830.002;43.939.999;43.310.001;43.869.999;0.0089
19/12/2012;43.990.002;44.389.999;43.419.998;43.529.999;-0.0078
20/12/2012;43.689.999;44.540.001;43.41;44.529.999;0.0227
21/12/2012;43.82;44.200.001;43.34;44.00;-0.012
24/12/2012;43.720.001;44.02;43.709.999;43.919.998;-0.0018
26/12/2012;43.950.001;44.18;43.720.001;43.959.999;0.0009
27/12/2012;43.959.999;44.02;42.900.002;43.630.001;-0.0075
28/12/2012;43.099.998;43.689.999;43.09;43.240.002;-0.009
31/12/2012;43.099.998;44.00;43.049.999;43.970.001;0.0167
2/1/2013;44.98;45.00;44.220.001;44.66;0.0156
3/1/2013;44.740.002;44.75;44.200.001;44.57;-0.002
4/1/2013;44.450.001;45.43;44.439.999;45.360.001;0.0176
7/1/2013;45.09;45.490.002;45.02;45.41;0.0011
8/1/2013;45.400.002;45.50;44.959.999;45.50;0.002
9/1/2013;45.560.001;46.200.001;45.139.999;45.470.001;-0.0007
10/1/2013;45.889.999;46.16;45.529.999;46.150.002;0.0148
11/1/2013;45.970.001;46.150.002;45.470.001;46.139.999;-0.0002
14/1/2013;45.889.999;46.18;45.48;45.880.001;-0.0057
15/1/2013;45.490.002;46.470.001;45.349.998;46.349.998;0.0102
16/1/2013;45.91;46.830.002;45.57;46.82;0.0101
17/1/2013;46.400.002;46.869.999;46.290.001;46.439.999;-0.0081
18/1/2013;46.380.001;46.599.998;46.18;46.459.999;0.0004
22/1/2013;46.25;46.549.999;46.130.001;46.540.001;0.0017
23/1/2013;46.23;46.439.999;45.919.998;46.23;-0.0067
24/1/2013;46.240.002;46.799.999;46.080.002;46.369.999;0.003
25/1/2013;46.740.002;47.16;46.610.001;47.16;0.0169
28/1/2013;46.84;47.00;46.48;46.639.999;-0.0111
29/1/2013;46.279.999;47.16;46.25;47.119.999;0.0102
30/1/2013;47.040.001;47.349.998;46.959.999;47.130.001;0.0002
31/1/2013;47.009.998;47.220.001;46.880.001;47.049.999;-0.0017
1/2/2013;47.400.002;48.00;47.209.999;47.849.998;0.0169
4/2/2013;47.540.001;47.810.001;47.380.001;47.68;-0.0036
5/2/2013;47.939.999;48.799.999;47.93;48.790.001;0.023
6/2/2013;48.419.998;48.830.002;48.32;48.610.001;-0.0037
7/2/2013;48.650.002;48.75;47.900.002;48.23;-0.0078
8/2/2013;48.330.002;48.689.999;48.259.998;48.630.001;0.0083
11/2/2013;48.509.998;48.900.002;48.380.001;48.66;0.0006
12/2/2013;48.799.999;49.310.001;48.599.998;49.139.999;0.0098
13/2/2013;49.349.998;49.450.001;48.50;48.68;-0.0094
14/2/2013;48.400.002;49.290.001;48.369.999;49.220.001;0.011
15/2/2013;49.349.998;49.459.999;48.57;48.880.001;-0.0069
19/2/2013;49.119.999;49.68;49.119.999;49.450.001;0.0116
20/2/2013;49.349.998;49.540.001;48.360.001;48.610.001;-0.0171
21/2/2013;48.41;48.450.001;47.830.002;48.25;-0.0074
22/2/2013;48.630.001;48.91;48.41;48.91;0.0136
25/2/2013;49.099.998;49.200.001;47.650.002;47.700.001;-0.0251
26/2/2013;48.220.001;48.259.998;46.849.998;47.599.998;-0.0021
27/2/2013;47.849.998;49.400.002;47.759.998;49.279.999;0.0347
28/2/2013;49.16;49.549.999;48.75;48.919.998;-0.0073
1/3/2013;48.599.998;49.419.998;48.369.999;48.91;-0.0002
4/3/2013;48.73;49.139.999;48.330.002;49.099.998;0.0039
5/3/2013;49.490.002;50.110.001;49.310.001;49.490.002;0.0079
6/3/2013;49.880.001;50.189.999;49.619.999;50.029.999;0.0109
7/3/2013;50.049.999;50.860.001;50.009.998;50.630.001;0.0119
8/3/2013;50.59;50.849.998;49.610.001;50.200.001;-0.0085
11/3/2013;50.23;50.77;49.91;50.48;0.0056
12/3/2013;50.349.998;50.669.998;50.049.999;50.279.999;-0.004
13/3/2013;50.290.001;50.43;50.110.001;50.16;-0.0024
14/3/2013;50.25;51.00;50.189.999;51.00;0.0166
15/3/2013;49.970.001;50.290.001;49.150.002;50.02;-0.0194
18/3/2013;49.189.999;49.66;48.950.001;49.509.998;-0.0102
19/3/2013;49.650.002;49.990.002;48.68;49.200.001;-0.0063
20/3/2013;49.57;49.639.999;49.040.001;49.119.999;-0.0016
21/3/2013;48.790.001;49.23;48.349.998;48.349.998;-0.0158
22/3/2013;48.630.001;49.00;48.34;48.779.999;0.0089
25/3/2013;49.040.001;49.32;48.16;48.52;-0.0053
26/3/2013;48.740.002;48.970.001;48.32;48.639.999;0.0025
27/3/2013;48.200.001;48.310.001;47.560.001;47.77;-0.018
28/3/2013;47.84;47.93;47.279.999;47.459.999;-0.0065
1/4/2013;47.549.999;47.990.002;47.490.002;47.830.002;0.0078
2/4/2013;48.009.998;48.380.001;47.880.001;48.279.999;0.0094
3/4/2013;48.029.999;48.07;46.529.999;46.849.998;-0.0301
4/4/2013;46.959.999;47.540.001;46.900.002;47.490.002;0.0136
5/4/2013;46.790.001;48.040.001;46.75;47.91;0.0088
8/4/2013;47.880.001;48.59;47.59;48.580.002;0.0139
9/4/2013;48.740.002;48.959.999;48.459.999;48.68;0.0021
10/4/2013;48.939.999;49.560.001;48.880.001;49.25;0.0116
11/4/2013;49.209.999;49.599.998;48.830.002;49.310.001;0.0012
12/4/2013;48.900.002;49.580.002;48.450.001;49.009.998;-0.0061
15/4/2013;48.389.999;49.34;47.900.002;47.93;-0.0223
16/4/2013;48.43;48.52;47.59;48.490.002;0.0116
17/4/2013;48.110.001;48.18;46.380.001;46.790.001;-0.0357
18/4/2013;46.799.999;47.330.002;46.049.999;46.639.999;-0.0032
19/4/2013;47.150.002;47.360.001;46.700.001;47.23;0.0126
22/4/2013;47.400.002;47.490.002;46.869.999;47.349.998;0.0025
23/4/2013;47.68;48.240.002;47.389.999;48.169.998;0.0172
24/4/2013;48.32;48.919.998;48.16;48.720.001;0.0114
25/4/2013;49.02;49.630.001;48.889.999;49.00;0.0057
26/4/2013;48.860.001;49.09;48.610.001;48.880.001;-0.0025
29/4/2013;49.080.002;49.099.998;48.650.002;48.919.998;0.0008
30/4/2013;48.959.999;49.25;48.720.001;49.009.998;0.0018
1/5/2013;48.759.998;48.91;47.849.998;48.009.998;-0.0206
2/5/2013;48.25;48.25;47.709.999;48.080.002;0.0015
3/5/2013;48.630.001;48.700.001;46.98;47.57;-0.0107
6/5/2013;47.709.999;48.389.999;47.57;48.18;0.0127
7/5/2013;48.57;49.389.999;48.259.998;49.139.999;0.0197
8/5/2013;49.220.001;49.990.002;49.110.001;49.759.998;0.0125
9/5/2013;49.700.001;49.810.001;48.919.998;49.040.001;-0.0146
10/5/2013;49.049.999;49.23;48.639.999;48.959.999;-0.0016
13/5/2013;48.84;49.700.001;48.610.001;49.669.998;0.0144
14/5/2013;49.77;50.419.998;49.66;50.23;0.0112
15/5/2013;50.200.001;51.43;50.150.002;51.09;0.017
16/5/2013;50.869.999;51.66;50.84;50.970.001;-0.0024
17/5/2013;51.259.998;52.330.002;51.25;52.299.999;0.0258
20/5/2013;52.279.999;52.630.001;51.91;52.290.001;-0.0002
21/5/2013;52.529.999;53.669.998;52.450.001;53.02;0.0139
22/5/2013;53.43;54.959.999;53.290.001;53.630.001;0.0114
23/5/2013;52.82;53.790.001;52.66;53.349.998;-0.0052
24/5/2013;52.900.002;53.66;52.720.001;53.66;0.0058
28/5/2013;54.560.001;54.650.002;54.029.999;54.599.998;0.0174
29/5/2013;54.09;54.959.999;53.91;54.669.998;0.0013
30/5/2013;54.599.998;55.900.002;54.529.999;55.619.999;0.0172
31/5/2013;55.709.999;55.830.002;54.59;54.59;-0.0187
3/6/2013;54.599.998;54.860.001;53.040.001;54.490.002;-0.0018
4/6/2013;54.540.001;55.389.999;53.869.999;54.040.001;-0.0083
5/6/2013;53.779.999;54.27;52.700.001;53.029.999;-0.0189
6/6/2013;52.84;53.52;52.27;53.50;0.0088
7/6/2013;53.77;54.48;53.41;54.27;0.0143
10/6/2013;54.639.999;54.84;54.02;54.360.001;0.0017
11/6/2013;53.459.999;54.049.999;53.110.001;53.490.002;-0.0161
12/6/2013;53.900.002;54.099.998;52.970.001;53.18;-0.0058
13/6/2013;53.00;54.240.002;52.970.001;54.169.998;0.0184
14/6/2013;54.040.001;54.130.001;52.91;53.130.001;-0.0194
17/6/2013;53.700.001;54.259.998;53.540.001;53.849.998;0.0135
18/6/2013;54.029.999;54.27;53.720.001;54.110.001;0.0048
19/6/2013;53.990.002;54.509.998;53.52;53.549.999;-0.0104
20/6/2013;53.080.002;53.18;52.27;52.48;-0.0202
21/6/2013;52.959.999;52.98;51.689.999;51.959.999;-0.01
24/6/2013;50.880.001;51.450.001;50.110.001;50.919.998;-0.0202
25/6/2013;51.509.998;52.560.001;51.509.998;52.080.002;0.0225
26/6/2013;52.650.002;52.799.999;51.880.001;52.50;0.008
27/6/2013;53.029.999;53.490.002;52.880.001;53.150.002;0.0123
28/6/2013;53.119.999;53.130.001;52.580.002;52.790.001;-0.0068
1/7/2013;53.220.001;53.630.001;52.43;52.490.002;-0.0057
2/7/2013;52.57;53.529.999;52.119.999;52.799.999;0.0059
3/7/2013;52.310.001;52.810.001;52.209.999;52.77;-0.0006
5/7/2013;53.360.001;54.00;53.110.001;53.990.002;0.0229
8/7/2013;54.540.001;54.91;54.049.999;54.700.001;0.0131
9/7/2013;55.07;55.169.998;54.189.999;54.889.999;0.0035
10/7/2013;54.77;55.150.002;54.439.999;54.830.002;-0.0011
11/7/2013;55.84;55.869.999;54.549.999;55.139.999;0.0056
12/7/2013;55.509.998;55.849.998;54.75;54.970.001;-0.0031
15/7/2013;55.490.002;55.50;54.599.998;54.889.999;-0.0015
16/7/2013;54.900.002;55.41;54.779.999;55.009.998;0.0022
17/7/2013;55.049.999;55.580.002;54.84;55.27;0.0047
18/7/2013;55.509.998;56.529.999;55.490.002;56.369.999;0.0197
19/7/2013;56.509.998;56.560.001;55.91;56.16;-0.0037
22/7/2013;56.169.998;56.669.998;55.950.001;56.560.001;0.0071
23/7/2013;56.720.001;56.889.999;56.470.001;56.669.998;0.0019
24/7/2013;56.919.998;56.93;56.380.001;56.630.001;-0.0007
25/7/2013;56.450.001;56.50;55.889.999;56.50;-0.0023
26/7/2013;56.060.001;56.220.001;55.599.998;56.049.999;-0.008
29/7/2013;55.98;56.00;55.380.001;55.689.999;-0.0064
30/7/2013;55.869.999;55.990.002;55.080.002;55.330.002;-0.0065
31/7/2013;55.580.002;56.27;55.509.998;55.73;0.0072
1/8/2013;56.360.001;56.779.999;56.200.001;56.540.001;0.0144
2/8/2013;56.27;56.52;56.009.998;56.490.002;-0.0009
5/8/2013;56.330.002;56.580.002;56.009.998;56.099.998;-0.0069
6/8/2013;55.990.002;56.099.998;55.310.001;55.490.002;-0.0109
7/8/2013;55.060.001;55.470.001;54.779.999;55.299.999;-0.0034
8/8/2013;55.419.998;55.73;54.130.001;54.830.002;-0.0085
9/8/2013;54.689.999;55.150.002;54.330.002;54.52;-0.0057
12/8/2013;54.040.001;54.32;53.68;54.09;-0.0079
13/8/2013;54.220.001;54.700.001;53.599.998;54.290.001;0.0037
14/8/2013;54.330.002;54.849.998;54.00;54.150.002;-0.0026
15/8/2013;53.52;53.68;52.889.999;53.290.001;-0.016
16/8/2013;53.07;53.779.999;53.07;53.290.001;0
19/8/2013;52.889.999;52.950.001;51.799.999;51.830.002;-0.0278
20/8/2013;51.779.999;52.360.001;50.66;52.119.999;0.0056
21/8/2013;51.919.998;52.220.001;51.279.999;51.630.001;-0.0094
22/8/2013;52.00;52.66;51.93;52.209.999;0.0112
23/8/2013;52.27;52.419.998;51.900.002;52.32;0.0021
26/8/2013;52.16;52.540.001;51.790.001;51.799.999;-0.01
27/8/2013;51.02;51.549.999;50.549.999;50.599.998;-0.0234
28/8/2013;50.330.002;51.049.999;50.130.001;50.580.002;-0.0004
29/8/2013;50.59;51.18;50.450.001;50.700.001;0.0024
30/8/2013;50.82;50.830.002;50.290.001;50.529.999;-0.0034
3/9/2013;51.25;51.720.001;50.830.002;51.130.001;0.0118
4/9/2013;51.16;52.099.998;50.93;51.869.999;0.0144
5/9/2013;52.029.999;52.52;51.91;52.110.001;0.0046
6/9/2013;52.41;52.709.999;51.279.999;52.560.001;0.0086
9/9/2013;52.779.999;53.189.999;52.52;52.860.001;0.0057
10/9/2013;53.830.002;53.93;53.299.999;53.669.998;0.0152
11/9/2013;53.369.999;53.759.998;53.060.001;53.259.998;-0.0077
12/9/2013;53.43;53.709.999;52.080.002;52.240.002;-0.0193
13/9/2013;52.290.001;52.799.999;52.23;52.59;0.0067
16/9/2013;53.450.001;53.490.002;52.98;53.139.999;0.0104
17/9/2013;53.189.999;53.32;52.880.001;53.09;-0.0009
18/9/2013;52.689.999;53.869.999;52.560.001;53.41;0.006
19/9/2013;53.630.001;53.75;52.529.999;52.75;-0.0124
20/9/2013;52.950.001;53.470.001;52.799.999;52.799.999;0.0009
23/9/2013;52.080.002;52.380.001;51.389.999;51.459.999;-0.0257
24/9/2013;51.009.998;51.27;50.299.999;50.32;-0.0224
25/9/2013;50.220.001;51.900.002;50.060.001;51.700.001;0.0271
26/9/2013;51.93;52.560.001;51.540.001;51.889.999;0.0037
27/9/2013;51.50;52.400.002;51.389.999;52.240.002;0.0067
30/9/2013;51.73;52.09;51.439.999;51.689.999;-0.0106
1/10/2013;51.639.999;52.09;51.450.001;51.959.999;0.0052
2/10/2013;51.32;52.450.001;51.290.001;52.09;0.0025
3/10/2013;52.00;52.200.001;51.50;51.939.999;-0.0029
4/10/2013;52.07;52.68;52.009.998;52.669.998;0.014
7/10/2013;52.290.001;52.360.001;51.830.002;51.830.002;-0.0161
8/10/2013;51.830.002;51.959.999;50.84;50.869.999;-0.0187
9/10/2013;51.169.998;51.34;50.25;50.75;-0.0024
10/10/2013;51.84;52.560.001;51.380.001;52.52;0.0343
11/10/2013;52.959.999;53.349.998;52.16;52.509.998;-0.0002
14/10/2013;51.939.999;52.84;51.759.998;52.709.999;0.0038
15/10/2013;52.91;53.040.001;52.18;52.310.001;-0.0076
16/10/2013;52.610.001;54.049.999;52.580.002;54.00;0.0318
17/10/2013;53.790.001;54.290.001;53.610.001;54.209.999;0.0039
18/10/2013;54.259.998;54.580.002;53.799.999;54.299.999;0.0017
21/10/2013;54.27;54.849.998;53.889.999;54.27;-0.0006
22/10/2013;54.650.002;54.68;53.619.999;53.619.999;-0.012
23/10/2013;53.310.001;53.360.001;52.720.001;52.75;-0.0164
24/10/2013;52.84;52.889.999;52.110.001;52.48;-0.0051
25/10/2013;52.16;52.91;52.07;52.77;0.0055
28/10/2013;52.889.999;53.09;52.50;52.68;-0.0017
29/10/2013;52.830.002;52.990.002;52.25;52.73;0.0009
30/10/2013;53.00;53.240.002;52.50;52.599.998;-0.0025
31/10/2013;52.650.002;52.709.999;51.540.001;51.540.001;-0.0204
1/11/2013;51.450.001;52.709.999;51.299.999;52.509.998;0.0186
4/11/2013;52.740.002;52.759.998;52.00;52.040.001;-0.009
5/11/2013;51.849.998;52.130.001;51.66;51.950.001;-0.0017
6/11/2013;52.259.998;52.34;51.830.002;52.099.998;0.0029
7/11/2013;52.130.001;52.34;51.580.002;51.650.002;-0.0087
8/11/2013;51.830.002;53.970.001;51.799.999;53.959.999;0.0438
11/11/2013;53.91;54.150.002;53.700.001;54.099.998;0.0026
12/11/2013;53.93;54.080.002;53.599.998;53.970.001;-0.0024
13/11/2013;53.52;54.200.001;53.150.002;54.139.999;0.0031
14/11/2013;54.259.998;54.50;53.700.001;54.400.002;0.0048
15/11/2013;54.27;54.959.999;54.189.999;54.869.999;0.0086
18/11/2013;55.490.002;56.00;55.299.999;55.740.002;0.0157
19/11/2013;55.970.001;56.639.999;55.779.999;56.150.002;0.0073
20/11/2013;56.43;56.439.999;55.77;56.099.998;-0.0009
21/11/2013;56.279.999;57.400.002;56.279.999;57.220.001;0.0198
22/11/2013;57.25;57.52;57.060.001;57.459.999;0.0042
25/11/2013;57.50;58.139.999;57.41;57.650.002;0.0033
26/11/2013;57.630.001;57.959.999;57.169.998;57.169.998;-0.0084
27/11/2013;57.580.002;57.830.002;57.330.002;57.48;0.0054
29/11/2013;57.580.002;57.849.998;57.200.001;57.220.001;-0.0045
2/12/2013;57.099.998;57.75;56.900.002;56.98;-0.0042
3/12/2013;56.889.999;57.220.001;56.139.999;56.860.001;-0.0021
4/12/2013;56.439.999;57.470.001;56.209.999;57.189.999;0.0058
5/12/2013;56.709.999;56.740.002;55.75;55.82;-0.0242
6/12/2013;56.57;56.759.998;55.619.999;56.060.001;0.0043
9/12/2013;56.279.999;56.529.999;56.09;56.509.998;0.008
10/12/2013;56.490.002;57.07;56.349.998;56.700.001;0.0034
11/12/2013;56.540.001;56.77;55.959.999;56.07;-0.0112
12/12/2013;56.049.999;56.599.998;55.91;56.310.001;0.0043
13/12/2013;56.369.999;56.560.001;56.040.001;56.169.998;-0.0025
16/12/2013;56.34;56.939.999;56.330.002;56.419.998;0.0044
17/12/2013;56.66;56.66;55.66;55.720.001;-0.0125
18/12/2013;55.84;57.27;55.400.002;57.240.002;0.0269
19/12/2013;57.099.998;57.540.001;56.82;57.23;-0.0002
20/12/2013;57.209.999;58.00;57.200.001;57.700.001;0.0082
23/12/2013;57.970.001;58.389.999;57.799.999;58.240.002;0.0093
24/12/2013;58.07;58.290.001;58.040.001;58.25;0.0002
26/12/2013;58.349.998;58.459.999;57.919.998;58.200.001;-0.0009
27/12/2013;58.169.998;58.349.998;58.060.001;58.139.999;-0.001
30/12/2013;58.139.999;58.27;57.709.999;57.950.001;-0.0033
31/12/2013;58.200.001;58.549.999;58.049.999;58.48;0.0091
2/1/2014;58.310.001;58.50;57.970.001;58.209.999;-0.0046
3/1/2014;58.290.001;58.950.001;58.209.999;58.66;0.0077
6/1/2014;59.16;59.470.001;58.830.002;59.00;0.0058
7/1/2014;59.290.001;59.43;58.110.001;58.32;-0.0116
8/1/2014;58.540.001;58.91;58.299.999;58.869.999;0.0094
9/1/2014;58.98;59.00;58.330.002;58.759.998;-0.0019
10/1/2014;58.669.998;58.759.998;58.18;58.490.002;-0.0046
13/1/2014;58.509.998;58.669.998;57.529.999;57.700.001;-0.0136
14/1/2014;58.299.999;58.580.002;57.560.001;57.740.002;0.0007
15/1/2014;57.73;59.650.002;57.73;59.490.002;0.0299
16/1/2014;58.790.001;59.82;58.740.002;58.990.002;-0.0084
17/1/2014;59.209.999;59.23;58.029.999;58.110.001;-0.015
21/1/2014;58.09;58.439.999;57.580.002;58.169.998;0.001
22/1/2014;58.330.002;58.330.002;57.419.998;57.59;-0.01
23/1/2014;57.09;57.099.998;56.209.999;56.470.001;-0.0196
24/1/2014;56.00;56.360.001;55.09;55.09;-0.0247
27/1/2014;55.080.002;55.799.999;54.689.999;55.09;0
28/1/2014;55.389.999;56.34;55.240.002;55.740.002;0.0117
29/1/2014;54.959.999;55.869.999;54.849.998;55.529.999;-0.0038
30/1/2014;56.07;56.389.999;55.630.001;56.00;0.0084
31/1/2014;55.50;56.110.001;55.18;55.360.001;-0.0115
3/2/2014;55.50;55.919.998;54.200.001;54.310.001;-0.0191
4/2/2014;54.720.001;55.349.998;54.599.998;54.950.001;0.0117
5/2/2014;55.099.998;55.450.001;54.580.002;55.209.999;0.0047
6/2/2014;55.349.998;56.549.999;55.200.001;56.48;0.0227
7/2/2014;56.650.002;56.93;56.259.998;56.619.999;0.0025
10/2/2014;56.77;56.919.998;56.389.999;56.740.002;0.0021
11/2/2014;56.610.001;57.57;56.580.002;57.43;0.0121
12/2/2014;57.34;57.709.999;57.16;57.52;0.0016
13/2/2014;57.07;58.099.998;56.959.999;58.029.999;0.0088
14/2/2014;57.889.999;58.23;57.75;58.150.002;0.0021
18/2/2014;58.02;58.650.002;57.900.002;58.490.002;0.0058
19/2/2014;58.360.001;58.540.001;57.220.001;57.259.998;-0.0213
20/2/2014;57.529.999;57.970.001;57.27;57.580.002;0.0056
21/2/2014;57.59;57.84;57.369.999;57.610.001;0.0005
24/2/2014;57.619.999;58.23;57.580.002;58.029.999;0.0073
25/2/2014;57.900.002;57.98;56.919.998;57.029.999;-0.0174
26/2/2014;57.369.999;57.380.001;56.220.001;56.75;-0.0049
27/2/2014;56.779.999;56.889.999;56.139.999;56.689.999;-0.0011
28/2/2014;56.57;57.450.001;56.389.999;56.82;0.0023
3/3/2014;56.299.999;56.419.998;55.689.999;56.209.999;-0.0108
4/3/2014;56.950.001;57.360.001;56.639.999;57.259.998;0.0185
5/3/2014;57.48;58.290.001;57.360.001;58.16;0.0156
6/3/2014;58.509.998;59.09;58.400.002;58.900.002;0.0126
7/3/2014;59.349.998;59.799.999;59.07;59.400.002;0.0085
10/3/2014;59.139.999;59.48;58.869.999;59.200.001;-0.0034
11/3/2014;59.419.998;59.450.001;58.130.001;58.189.999;-0.0172
12/3/2014;57.700.001;57.959.999;57.419.998;57.919.998;-0.0047
13/3/2014;58.00;58.34;57.189.999;57.419.998;-0.0087
14/3/2014;57.110.001;57.529.999;56.619.999;56.799.999;-0.0109
17/3/2014;57.209.999;57.700.001;57.049.999;57.580.002;0.0136
18/3/2014;57.82;58.16;57.619.999;58.060.001;0.0083
19/3/2014;57.990.002;58.93;57.889.999;58.299.999;0.0041
20/3/2014;58.360.001;60.490.002;58.130.001;60.110.001;0.0306
21/3/2014;60.959.999;61.200.001;60.00;60.169.998;0.001
24/3/2014;60.369.999;61.189.999;60.349.998;61.07;0.0148
25/3/2014;61.110.001;61.48;60.560.001;60.93;-0.0023
26/3/2014;61.240.002;61.400.002;59.889.999;59.900.002;-0.017
27/3/2014;59.939.999;60.549.999;59.02;59.919.998;0.0003
28/3/2014;60.209.999;60.59;59.68;60.040.001;0.002
31/3/2014;60.830.002;61.02;60.599.998;60.709.999;0.0111
1/4/2014;60.950.001;61.290.001;60.369.999;60.669.998;-0.0007
2/4/2014;60.369.999;60.77;60.200.001;60.48;-0.0031
3/4/2014;60.650.002;60.799.999;60.279.999;60.66;0.003
4/4/2014;61.02;61.060.001;59.799.999;59.810.001;-0.0141
7/4/2014;59.689.999;60.00;58.84;59.00;-0.0136
8/4/2014;58.799.999;59.02;58.25;58.849.998;-0.0025
9/4/2014;59.099.998;59.450.001;58.50;59.27;0.0071
10/4/2014;59.349.998;59.389.999;57.380.001;57.400.002;-0.0321
11/4/2014;55.18;56.049.999;54.549.999;55.299.999;-0.0373
14/4/2014;55.849.998;55.939.999;54.48;54.959.999;-0.0062
15/4/2014;55.09;55.639.999;54.349.998;54.799.999;-0.0029
16/4/2014;55.00;55.349.998;54.689.999;55.259.998;0.0084
17/4/2014;55.34;55.57;55.009.998;55.220.001;-0.0007
21/4/2014;55.259.998;55.41;54.990.002;55.029.999;-0.0034
22/4/2014;55.040.001;56.080.002;54.939.999;55.810.001;0.0141
23/4/2014;55.799.999;56.119.999;55.560.001;56.049.999;0.0043
24/4/2014;56.07;56.259.998;55.610.001;56.189.999;0.0025
25/4/2014;56.310.001;56.349.998;55.639.999;55.700.001;-0.0088
28/4/2014;55.630.001;55.700.001;54.68;55.490.002;-0.0038
29/4/2014;55.73;56.310.001;55.57;56.099.998;0.0109
30/4/2014;56.240.002;56.349.998;55.720.001;55.98;-0.0021
1/5/2014;55.919.998;56.189.999;55.50;55.720.001;-0.0047
2/5/2014;55.830.002;56.369.999;55.439.999;55.580.002;-0.0025
5/5/2014;53.880.001;54.740.002;53.700.001;54.220.001;-0.0248
6/5/2014;54.040.001;54.060.001;53.32;53.34;-0.0164
7/5/2014;53.549.999;54.119.999;53.240.002;54.049.999;0.0132
8/5/2014;54.200.001;54.529.999;54.060.001;54.360.001;0.0057
9/5/2014;54.220.001;54.310.001;53.68;54.009.998;-0.0065
12/5/2014;54.27;54.700.001;54.029.999;54.650.002;0.0118
13/5/2014;54.740.002;54.830.002;54.50;54.619.999;-0.0005
14/5/2014;54.639.999;54.700.001;54.299.999;54.360.001;-0.0048
15/5/2014;54.200.001;54.200.001;53.349.998;53.509.998;-0.0158
16/5/2014;53.419.998;53.509.998;52.970.001;53.310.001;-0.0037
19/5/2014;53.080.002;53.91;53.060.001;53.830.002;0.0097
20/5/2014;53.720.001;54.040.001;53.41;53.720.001;-0.002
21/5/2014;54.049.999;54.599.998;53.98;54.119.999;0.0074
22/5/2014;54.169.998;54.599.998;54.02;54.549.999;0.0079
23/5/2014;54.549.999;54.59;54.16;54.529.999;-0.0004
27/5/2014;54.75;55.43;54.689.999;55.139.999;0.0111
28/5/2014;55.09;55.599.998;55.00;55.450.001;0.0056
29/5/2014;55.75;55.919.998;55.389.999;55.720.001;0.0049
30/5/2014;55.580.002;55.880.001;55.310.001;55.57;-0.0027
2/6/2014;55.650.002;55.650.002;55.02;55.349.998;-0.004
3/6/2014;55.09;55.66;55.09;55.599.998;0.0045
4/6/2014;55.52;55.73;55.25;55.68;0.0014
5/6/2014;55.91;56.66;55.490.002;56.630.001;0.0169
6/6/2014;56.759.998;57.130.001;56.650.002;56.970.001;0.006
9/6/2014;56.91;57.669.998;56.900.002;57.419.998;0.0079
10/6/2014;57.470.001;57.939.999;57.389.999;57.900.002;0.0083
11/6/2014;57.48;57.790.001;56.98;57.27;-0.0109
12/6/2014;57.07;57.419.998;56.869.999;57.040.001;-0.004
13/6/2014;57.029.999;57.669.998;56.880.001;57.040.001;0
16/6/2014;56.849.998;56.950.001;56.330.002;56.869.999;-0.003
17/6/2014;56.790.001;57.59;56.68;57.419.998;0.0096
18/6/2014;57.290.001;57.810.001;56.950.001;57.779.999;0.0063
19/6/2014;57.689.999;57.689.999;57.209.999;57.299.999;-0.0083
20/6/2014;57.689.999;57.77;57.349.998;57.549.999;0.0044
23/6/2014;57.540.001;58.220.001;57.240.002;58.189.999;0.0111
24/6/2014;57.880.001;58.119.999;57.299.999;57.419.998;-0.0133
25/6/2014;57.220.001;57.740.002;56.869.999;57.529.999;0.0019
26/6/2014;57.34;57.490.002;56.599.998;57.389.999;-0.0024
27/6/2014;57.330.002;57.700.001;57.240.002;57.529.999;0.0024
30/6/2014;57.439.999;57.779.999;57.380.001;57.619.999;0.0016
1/7/2014;57.150.002;57.990.002;57.080.002;57.57;-0.0009
2/7/2014;57.27;57.48;56.82;56.970.001;-0.0105
3/7/2014;57.23;57.650.002;57.00;57.049.999;0.0014
7/7/2014;56.889.999;56.990.002;56.400.002;56.669.998;-0.0067
8/7/2014;56.349.998;56.470.001;55.630.001;55.759.998;-0.0162
9/7/2014;55.880.001;56.119.999;55.610.001;56.02;0.0047
10/7/2014;55.060.001;55.810.001;54.959.999;55.560.001;-0.0082
11/7/2014;55.290.001;55.91;55.189.999;55.799.999;0.0043
14/7/2014;56.529.999;56.84;56.200.001;56.290.001;0.0087
15/7/2014;57.950.001;58.689.999;57.759.998;58.27;0.0346
16/7/2014;58.509.998;58.98;58.310.001;58.709.999;0.0075
17/7/2014;58.560.001;58.860.001;57.759.998;57.860.001;-0.0146
18/7/2014;58.330.002;58.48;57.900.002;58.23;0.0064
21/7/2014;58.119.999;58.41;57.900.002;58.240.002;0.0002
22/7/2014;58.419.998;58.799.999;58.369.999;58.669.998;0.0074
23/7/2014;58.759.998;59.189.999;58.52;59.00;0.0056
24/7/2014;59.07;59.349.998;58.990.002;59.169.998;0.0029
25/7/2014;58.919.998;59.27;58.84;59.009.998;-0.0027
28/7/2014;58.939.999;59.259.998;58.669.998;59.189.999;0.003
29/7/2014;59.130.001;59.130.001;58.439.999;58.639.999;-0.0093
30/7/2014;59.02;59.279.999;58.610.001;58.91;0.0046
31/7/2014;58.650.002;58.68;57.66;57.669.998;-0.0213
1/8/2014;57.389.999;57.490.002;55.970.001;56.48;-0.0209
4/8/2014;56.91;56.98;56.34;56.650.002;0.003
5/8/2014;56.43;56.599.998;55.599.998;56.060.001;-0.0105
6/8/2014;55.889.999;56.689.999;55.830.002;56.23;0.003
7/8/2014;56.630.001;56.689.999;55.68;55.91;-0.0057
8/8/2014;55.889.999;56.360.001;55.639.999;56.34;0.0077
11/8/2014;56.540.001;56.580.002;56.169.998;56.32;-0.0004
12/8/2014;56.23;56.549.999;56.130.001;56.349.998;0.0005
13/8/2014;56.689.999;56.84;56.509.998;56.720.001;0.0065
14/8/2014;56.77;57.00;56.700.001;56.98;0.0046
15/8/2014;57.240.002;57.50;56.389.999;56.75;-0.004
18/8/2014;56.860.001;57.43;56.759.998;57.23;0.0084
19/8/2014;57.599.998;57.720.001;57.34;57.560.001;0.0057
20/8/2014;57.419.998;57.849.998;57.389.999;57.639.999;0.0014
21/8/2014;57.66;58.77;57.599.998;58.50;0.0148
22/8/2014;58.439.999;59.080.002;58.330.002;58.490.002;-0.0002
25/8/2014;58.98;59.830.002;58.860.001;59.34;0.0144
26/8/2014;59.57;59.950.001;59.389.999;59.740.002;0.0067
27/8/2014;59.849.998;59.950.001;59.529.999;59.59;-0.0025
28/8/2014;59.25;59.369.999;58.810.001;59.16;-0.0072
29/8/2014;59.34;59.650.002;59.23;59.450.001;0.0049
2/9/2014;59.459.999;59.709.999;59.150.002;59.669.998;0.0037
3/9/2014;60.02;60.369.999;59.459.999;59.700.001;0.0005
4/9/2014;59.630.001;60.139.999;59.43;59.709.999;0.0002
5/9/2014;59.619.999;59.91;59.220.001;59.91;0.0033
8/9/2014;59.84;60.220.001;59.740.002;59.889.999;-0.0003
9/9/2014;59.630.001;59.68;58.779.999;59.060.001;-0.014
10/9/2014;59.150.002;59.560.001;58.919.998;59.220.001;0.0027
11/9/2014;59.18;59.84;58.970.001;59.759.998;0.0091
12/9/2014;59.799.999;60.41;59.75;60.029.999;0.0045
15/9/2014;59.779.999;59.990.002;59.450.001;59.939.999;-0.0015
16/9/2014;59.709.999;60.200.001;59.619.999;59.990.002;0.0008
17/9/2014;59.950.001;60.59;59.82;60.310.001;0.0053
18/9/2014;60.540.001;61.400.002;60.540.001;61.32;0.0166
19/9/2014;61.740.002;61.849.998;60.98;61.110.001;-0.0034
22/9/2014;60.939.999;61.450.001;60.799.999;60.91;-0.0033
23/9/2014;60.82;61.400.002;60.77;60.939.999;0.0005
24/9/2014;61.18;61.639.999;61.02;61.630.001;0.0113
25/9/2014;61.490.002;61.50;60.150.002;60.150.002;-0.0243
26/9/2014;60.330.002;60.880.001;60.32;60.560.001;0.0068
29/9/2014;60.029.999;60.50;59.73;60.330.002;-0.0038
30/9/2014;60.400.002;60.740.002;60.130.001;60.240.002;-0.0015
1/10/2014;60.240.002;60.400.002;59.73;59.77;-0.0078
2/10/2014;59.150.002;59.490.002;58.610.001;58.84;-0.0157
3/10/2014;59.25;60.389.999;59.049.999;60.299.999;0.0245
6/10/2014;60.779.999;60.799.999;60.00;60.18;-0.002
7/10/2014;59.919.998;59.919.998;59.189.999;59.27;-0.0152
8/10/2014;59.360.001;60.43;59.18;60.400.002;0.0189
9/10/2014;60.330.002;60.330.002;58.889.999;59.080.002;-0.0221
10/10/2014;59.029.999;59.82;58.509.998;58.52;-0.0095
13/10/2014;58.50;59.150.002;58.110.001;58.16;-0.0062
14/10/2014;56.689.999;58.52;56.060.001;57.990.002;-0.0029
15/10/2014;57.02;57.380.001;54.259.998;55.529.999;-0.0433
16/10/2014;54.75;55.98;54.279.999;55.080.002;-0.0081
17/10/2014;55.73;56.779.999;55.57;56.200.001;0.0201
20/10/2014;56.099.998;56.75;56.07;56.630.001;0.0076
21/10/2014;57.23;58.009.998;57.080.002;57.93;0.0227
22/10/2014;58.040.001;58.259.998;57.439.999;57.450.001;-0.0083
23/10/2014;58.119.999;58.599.998;57.939.999;58.060.001;0.0106
24/10/2014;58.00;58.779.999;58.00;58.740.002;0.0116
27/10/2014;58.450.001;58.790.001;58.25;58.639.999;-0.0017
28/10/2014;58.869.999;59.689.999;58.810.001;59.630.001;0.0167
29/10/2014;59.619.999;59.779.999;58.759.998;59.290.001;-0.0057
30/10/2014;58.939.999;59.68;58.919.998;59.389.999;0.0017
31/10/2014;60.119.999;60.540.001;59.869.999;60.48;0.0182
3/11/2014;60.790.001;61.150.002;60.360.001;60.880.001;0.0066
4/11/2014;60.240.002;60.369.999;59.419.998;60.25;-0.0104
5/11/2014;60.799.999;61.23;60.389.999;61.150.002;0.0148
6/11/2014;61.080.002;61.310.001;60.630.001;61.23;0.0013
7/11/2014;61.07;61.549.999;60.860.001;61.470.001;0.0039
10/11/2014;61.25;61.93;61.200.001;61.93;0.0075
11/11/2014;61.709.999;61.889.999;61.290.001;61.369.999;-0.0091
12/11/2014;60.419.998;60.84;60.23;60.560.001;-0.0133
13/11/2014;60.50;60.630.001;59.990.002;60.23;-0.0055
14/11/2014;60.25;60.619.999;60.18;60.279.999;0.0008
17/11/2014;60.00;60.529.999;59.889.999;60.380.001;0.0017
18/11/2014;60.349.998;60.82;60.200.001;60.529.999;0.0025
19/11/2014;60.450.001;60.790.001;60.150.002;60.599.998;0.0012
20/11/2014;60.200.001;60.25;59.75;60.119.999;-0.008
21/11/2014;61.07;61.07;60.299.999;60.450.001;0.0055
24/11/2014;60.700.001;61.310.001;60.700.001;60.959.999;0.0084
25/11/2014;61.16;61.16;59.950.001;60.299.999;-0.0109
26/11/2014;60.57;60.57;60.200.001;60.34;0.0007
28/11/2014;60.400.002;60.560.001;60.029.999;60.16;-0.003
1/12/2014;59.98;60.209.999;59.549.999;60.00;-0.0027
2/12/2014;60.009.998;61.189.999;60.00;61.080.002;0.0178
3/12/2014;60.959.999;61.619.999;60.810.001;61.540.001;0.0075
4/12/2014;61.099.998;61.57;60.84;61.380.001;-0.0026
5/12/2014;62.009.998;63.060.001;61.880.001;62.700.001;0.0213
8/12/2014;62.599.998;63.16;62.259.998;62.669.998;-0.0005
9/12/2014;61.849.998;62.849.998;61.560.001;62.450.001;-0.0035
10/12/2014;62.16;62.240.002;60.369.999;60.68;-0.0288
11/12/2014;61.169.998;62.060.001;61.110.001;61.139.999;0.0076
12/12/2014;60.529.999;61.220.001;59.959.999;60.040.001;-0.0182
15/12/2014;60.740.002;60.810.001;58.790.001;59.16;-0.0148
16/12/2014;58.419.998;59.860.001;58.110.001;58.43;-0.0124
17/12/2014;58.57;59.830.002;58.34;59.77;0.0227
18/12/2014;60.639.999;61.48;60.439.999;61.48;0.0282
19/12/2014;61.400.002;62.349.998;61.369.999;61.93;0.0073
22/12/2014;62.16;62.330.002;61.610.001;61.939.999;0.0002
23/12/2014;62.049.999;62.970.001;61.93;62.48;0.0087
24/12/2014;62.740.002;62.869.999;62.27;62.48;0
26/12/2014;62.669.998;62.889.999;62.41;62.549.999;0.0011
29/12/2014;62.419.998;63.34;62.25;62.959.999;0.0065
30/12/2014;62.720.001;63.279.999;62.57;63.150.002;0.003
31/12/2014;63.299.999;63.490.002;62.580.002;62.580.002;-0.0091
2/1/2015;62.18;62.959.999;62.07;62.490.002;-0.0014
5/1/2015;62.060.001;62.279.999;60.23;60.549.999;-0.0315
6/1/2015;60.639.999;60.75;58.349.998;58.98;-0.0263
7/1/2015;59.889.999;59.889.999;58.669.998;59.07;0.0015
8/1/2015;59.970.001;60.900.002;59.970.001;60.389.999;0.0221
9/1/2015;60.720.001;60.790.001;59.290.001;59.34;-0.0175
12/1/2015;59.279.999;59.400.002;58.27;58.830.002;-0.0086
13/1/2015;59.259.998;59.700.001;58.369.999;58.84;0.0002
14/1/2015;56.91;57.00;55.27;56.810.001;-0.0351
15/1/2015;55.73;56.610.001;54.50;54.990.002;-0.0326
16/1/2015;54.66;56.00;54.639.999;55.93;0.0169
20/1/2015;56.040.001;56.389.999;55.419.998;55.709.999;-0.0039
21/1/2015;55.450.001;56.419.998;55.189.999;55.889.999;0.0032
22/1/2015;56.380.001;57.73;55.959.999;57.59;0.03
23/1/2015;57.720.001;57.869.999;56.66;56.68;-0.0159
26/1/2015;56.41;56.990.002;56.200.001;56.77;0.0016
27/1/2015;56.049.999;56.610.001;55.759.998;56.200.001;-0.0101
28/1/2015;56.619.999;56.68;54.75;54.75;-0.0261
29/1/2015;55.27;55.889.999;54.68;55.669.998;0.0167
30/1/2015;54.990.002;55.50;54.369.999;54.380.001;-0.0234
2/2/2015;54.529.999;55.650.002;54.27;55.470.001;0.0198
3/2/2015;55.91;56.779.999;55.869.999;56.720.001;0.0223
4/2/2015;56.32;57.07;56.279.999;56.380.001;-0.006
5/2/2015;56.860.001;57.040.001;56.459.999;56.77;0.0069
6/2/2015;57.75;58.73;57.540.001;57.889.999;0.0195
9/2/2015;57.419.998;58.099.998;57.23;57.82;-0.0012
10/2/2015;58.419.998;58.709.999;58.049.999;58.459.999;0.011
11/2/2015;58.060.001;58.66;57.84;58.369.999;-0.0015
12/2/2015;58.93;59.709.999;58.549.999;59.57;0.0204
13/2/2015;59.459.999;60.220.001;59.34;59.669.998;0.0017
17/2/2015;59.360.001;60.139.999;59.32;60.099.998;0.0072
18/2/2015;60.099.998;60.099.998;59.119.999;59.369.999;-0.0122
19/2/2015;59.150.002;59.48;58.799.999;59.23;-0.0024
20/2/2015;58.959.999;59.889.999;58.349.998;59.799.999;0.0096
23/2/2015;59.50;59.529.999;58.799.999;59.349.998;-0.0076
24/2/2015;60.25;61.25;60.080.002;60.82;0.0245
25/2/2015;60.759.998;61.27;60.75;61.139.999;0.0052
26/2/2015;61.029.999;61.700.001;60.91;61.580.002;0.0072
27/2/2015;61.130.001;61.919.998;61.130.001;61.279.999;-0.0049
2/3/2015;61.279.999;61.830.002;61.029.999;61.77;0.008
3/3/2015;61.650.002;61.990.002;61.50;61.970.001;0.0032
4/3/2015;61.639.999;62.169.998;61.349.998;62.130.001;0.0026
5/3/2015;62.200.001;62.23;61.599.998;62.00;-0.0021
6/3/2015;62.16;62.869.999;60.799.999;60.889.999;-0.0181
9/3/2015;60.84;61.630.001;60.799.999;61.50;0.01
10/3/2015;60.759.998;61.009.998;59.959.999;59.959.999;-0.0254
11/3/2015;60.130.001;60.650.002;59.959.999;60.240.002;0.0047
12/3/2015;60.650.002;61.450.001;60.650.002;61.369.999;0.0186
13/3/2015;61.400.002;61.860.001;60.43;61.00;-0.006
16/3/2015;61.50;61.919.998;61.25;61.849.998;0.0138
17/3/2015;61.34;61.66;60.919.998;61.610.001;-0.0039
18/3/2015;61.389.999;62.049.999;61.09;61.75;0.0023
19/3/2015;61.57;61.650.002;60.759.998;61.200.001;-0.0089
20/3/2015;61.32;62.099.998;61.150.002;61.75;0.0089
23/3/2015;61.75;62.080.002;61.119.999;61.139.999;-0.0099
24/3/2015;60.970.001;61.240.002;60.450.001;60.459.999;-0.0112
25/3/2015;60.529.999;60.639.999;59.59;59.610.001;-0.0142
26/3/2015;59.459.999;59.790.001;58.869.999;59.540.001;-0.0012
27/3/2015;59.490.002;59.779.999;59.00;59.549.999;0.0002
30/3/2015;60.880.001;61.459.999;60.610.001;60.959.999;0.0234
31/3/2015;60.720.001;60.939.999;60.419.998;60.580.002;-0.0063
1/4/2015;60.41;60.57;59.73;59.950.001;-0.0105
2/4/2015;60.07;60.700.001;60.00;60.52;0.0095
6/4/2015;59.919.998;60.75;59.650.002;60.470.001;-0.0008
7/4/2015;61.150.002;61.50;60.849.998;60.849.998;0.0063
8/4/2015;61.060.001;61.560.001;60.939.999;61.049.999;0.0033
9/4/2015;61.27;61.580.002;60.830.002;61.470.001;0.0069
10/4/2015;61.349.998;61.779.999;61.200.001;61.700.001;0.0037
13/4/2015;61.639.999;62.27;61.50;62.07;0.006
14/4/2015;62.959.999;63.610.001;62.740.002;63.040.001;0.0155
15/4/2015;63.080.002;64.480.003;63.009.998;64.209.999;0.0184
16/4/2015;64.080.002;64.269.997;63.66;63.810.001;-0.0062
17/4/2015;63.25;63.400.002;62.490.002;62.84;-0.0153
20/4/2015;63.220.001;63.52;63.139.999;63.240.002;0.0063
21/4/2015;63.330.002;63.599.998;62.130.001;62.310.001;-0.0148
22/4/2015;62.650.002;63.150.002;62.029.999;62.939.999;0.0101
23/4/2015;62.790.001;63.209.999;62.599.998;62.799.999;-0.0022
24/4/2015;62.630.001;62.84;62.34;62.599.998;-0.0032
27/4/2015;62.700.001;63.150.002;62.310.001;62.34;-0.0042
28/4/2015;62.490.002;62.779.999;61.77;62.759.998;0.0067
29/4/2015;62.560.001;63.889.999;62.459.999;63.599.998;0.0133
30/4/2015;63.580.002;63.880.001;62.919.998;63.259.998;-0.0054
1/5/2015;63.700.001;63.869.999;63.330.002;63.610.001;0.0055
4/5/2015;63.68;64.870.003;63.639.999;64.720.001;0.0173
5/5/2015;64.510.002;65.32;64.290.001;64.400.002;-0.005
6/5/2015;64.529.999;65.07;63.419.998;63.919.998;-0.0075
7/5/2015;63.669.998;64.599.998;63.25;64.50;0.009
8/5/2015;64.970.001;65.650.002;64.599.998;65.489.998;0.0152
11/5/2015;65.260.002;65.639.999;65.080.002;65.449.997;-0.0006
12/5/2015;65.309.998;65.540.001;64.760.002;65.360.001;-0.0014
13/5/2015;65.419.998;65.629.997;65.059.998;65.519.997;0.0024
14/5/2015;65.830.002;66.18;65.709.999;66.050.003;0.0081
15/5/2015;66.129.997;66.160.004;65.440.002;65.879.997;-0.0026
18/5/2015;65.800.003;66.540.001;65.800.003;66.419.998;0.0082
19/5/2015;66.769.997;67.190.002;66.57;67.010.002;0.0088
20/5/2015;66.949.997;67.029.999;66.400.002;66.480.003;-0.0079
21/5/2015;66.139.999;66.68;66.010.002;66.650.002;0.0026
22/5/2015;66.629.997;66.830.002;66.32;66.470.001;-0.0027
26/5/2015;66.199.997;66.290.001;65.309.998;65.730.003;-0.0112
27/5/2015;65.949.997;66.650.002;65.82;66.470.001;0.0112
28/5/2015;66.360.001;66.400.002;65.739.998;66.199.997;-0.0041
29/5/2015;66.18;66.220.001;65.360.001;65.779.999;-0.0064
1/6/2015;65.989.998;66.660.004;65.970.001;66.080.002;0.0046
2/6/2015;65.830.002;66.389.999;65.580.002;66.019.997;-0.0009
3/6/2015;66.43;67.129.997;66.269.997;66.699.997;0.0102
4/6/2015;66.309.998;67.050.003;66.010.002;66.330.002;-0.0056
5/6/2015;67.370.003;67.839.996;67.010.002;67.419.998;0.0163
8/6/2015;67.459.999;67.550.003;66.809.998;66.889.999;-0.0079
9/6/2015;66.949.997;67.269.997;66.470.001;67.18;0.0043
10/6/2015;67.589.996;68.50;67.470.001;68.260.002;0.0159
11/6/2015;68.360.001;68.68;68.150.002;68.519.997;0.0038
12/6/2015;68.309.998;68.540.001;67.870.003;68.25;-0.0039
15/6/2015;67.580.002;68.209.999;67.300.003;67.989.998;-0.0038
16/6/2015;67.769.997;68.519.997;67.620.003;68.370.003;0.0056
17/6/2015;68.410.004;68.68;68.040.001;68.139.999;-0.0034
18/6/2015;68.349.998;68.82;67.900.002;68.779.999;0.0093
19/6/2015;68.459.999;68.669.998;67.919.998;68.080.002;-0.0102
22/6/2015;68.870.003;69.290.001;68.75;68.959.999;0.0128
23/6/2015;69.349.998;69.82;69.190.002;69.75;0.0114
24/6/2015;69.510.002;69.769.997;68.910.004;69.019.997;-0.0105
25/6/2015;69.32;69.470.001;68.639.999;68.650.002;-0.0054
26/6/2015;68.940.002;69.290.001;68.769.997;68.949.997;0.0044
29/6/2015;67.68;68.260.002;67.160.004;67.199.997;-0.0257
30/6/2015;67.889.999;68.110.001;67.160.004;67.760.002;0.0083
1/7/2015;68.120.003;68.389.999;67.779.999;68.07;0.0046
2/7/2015;67.949.997;68.129.997;67.190.002;67.519.997;-0.0081
6/7/2015;66.879.997;67.459.999;66.540.001;67.330.002;-0.0028
7/7/2015;67.089.996;67.220.001;65.300.003;66.800.003;-0.0079
8/7/2015;66.00;66.160.004;65.209.999;65.43;-0.0207
9/7/2015;66.489.998;66.699.997;65.989.998;66.110.001;0.0103
10/7/2015;67.220.001;67.400.002;66.830.002;67.050.003;0.0141
13/7/2015;67.889.999;68.139.999;67.68;68.089.996;0.0154
14/7/2015;67.980.003;69.099.998;67.760.002;69.040.001;0.0139
15/7/2015;69.230.003;69.43;68.849.998;69.190.002;0.0022
16/7/2015;69.629.997;69.949.997;69.410.004;69.559.998;0.0053
17/7/2015;69.349.998;69.489.998;68.919.998;69.209.999;-0.005
20/7/2015;69.50;69.769.997;69.18;69.260.002;0.0007
21/7/2015;69.160.004;69.540.001;68.870.003;69.099.998;-0.0023
22/7/2015;69.279.999;70.290.001;69.199.997;70.080.002;0.0141
23/7/2015;70.190.002;70.610.001;69.459.999;69.639.999;-0.0063
24/7/2015;69.440.002;69.559.998;68.68;68.910.004;-0.0105
27/7/2015;68.150.002;68.220.001;67.57;68.010.002;-0.0131
28/7/2015;68.550.003;68.599.998;67.769.997;68.050.003;0.0006
29/7/2015;68.32;69.099.998;68.160.004;68.940.002;0.013
30/7/2015;68.93;69.449.997;68.540.001;69.040.001;0.0014
31/7/2015;69.010.002;69.040.001;68.400.002;68.529.999;-0.0074
3/8/2015;68.589.996;68.839.996;68.00;68.529.999;0
4/8/2015;68.470.001;68.949.997;68.309.998;68.459.999;-0.001
5/8/2015;69.050.003;69.419.998;68.559.998;68.730.003;0.0039
6/8/2015;68.75;68.940.002;68.00;68.25;-0.007
7/8/2015;68.330.002;68.739.998;67.550.003;68.050.003;-0.0029
10/8/2015;68.220.001;69.010.002;68.220.001;68.889.999;0.0123
11/8/2015;68.230.003;68.400.002;67.849.998;68.230.003;-0.0096
12/8/2015;67.410.004;67.550.003;66.07;67.239.998;-0.0146
13/8/2015;67.25;67.800.003;66.970.001;67.550.003;0.0046
14/8/2015;67.419.998;67.910.004;67.400.002;67.889.999;0.005
17/8/2015;67.620.003;68.239.998;67.400.002;68.07;0.0026
18/8/2015;67.980.003;68.360.001;67.839.996;68.209.999;0.0021
19/8/2015;67.93;68.309.998;67.360.001;67.599.998;-0.009
20/8/2015;66.809.998;67.040.001;65.940.002;65.940.002;-0.0249
21/8/2015;65.089.996;65.440.002;63.57;63.599.998;-0.0361
24/8/2015;59.290.001;62.919.998;50.07;60.25;-0.0541
25/8/2015;63.099.998;63.32;59.73;59.91;-0.0057
26/8/2015;61.799.999;62.98;60.549.999;62.91;0.0489
27/8/2015;63.98;64.730.003;63.139.999;64.480.003;0.0247
28/8/2015;64.290.001;64.459.999;63.599.998;64.129.997;-0.0054
31/8/2015;63.610.001;64.349.998;63.470.001;64.099.998;-0.0005
1/9/2015;62.849.998;62.849.998;60.990.002;61.450.001;-0.0422
2/9/2015;62.619.999;62.91;61.540.001;62.57;0.0181
3/9/2015;62.880.001;63.66;62.450.001;62.68;0.0018
4/9/2015;61.799.999;61.919.998;60.75;61.50;-0.019
8/9/2015;62.77;63.200.001;62.330.002;63.16;0.0266
9/9/2015;63.939.999;64.339.996;62.00;62.18;-0.0156
10/9/2015;61.860.001;63.00;61.450.001;62.66;0.0077
11/9/2015;62.380.001;62.66;61.990.002;62.560.001;-0.0016
14/9/2015;62.639.999;62.689.999;62.119.999;62.380.001;-0.0029
15/9/2015;62.759.998;63.889.999;62.509.998;63.580.002;0.0191
16/9/2015;63.889.999;64.290.001;63.209.999;64.139.999;0.0088
17/9/2015;64.139.999;64.639.999;62.389.999;62.650.002;-0.0235
18/9/2015;61.830.002;61.830.002;60.779.999;60.939.999;-0.0277
21/9/2015;61.52;61.91;61.080.002;61.450.001;0.0083
22/9/2015;60.599.998;61.09;60.419.998;60.91;-0.0088
23/9/2015;60.799.999;61.150.002;60.32;60.639.999;-0.0044
24/9/2015;60.009.998;60.380.001;59.459.999;60.220.001;-0.007
25/9/2015;61.27;61.860.001;60.869.999;61.470.001;0.0205
28/9/2015;60.919.998;61.009.998;59.689.999;59.98;-0.0245
29/9/2015;59.98;60.130.001;58.73;59.84;-0.0023
30/9/2015;60.700.001;61.00;60.110.001;60.970.001;0.0187
1/10/2015;61.119.999;61.869.999;60.540.001;61.419.998;0.0074
2/10/2015;59.59;60.860.001;58.529.999;60.810.001;-0.01
5/10/2015;61.240.002;62.240.002;61.220.001;62.02;0.0197
6/10/2015;62.110.001;62.360.001;61.619.999;62.049.999;0.0005
7/10/2015;62.549.999;63.029.999;61.759.998;62.130.001;0.0013
8/10/2015;61.849.998;62.25;61.43;62.130.001;0
9/10/2015;62.389.999;62.549.999;61.580.002;61.93;-0.0032
12/10/2015;61.84;62.009.998;61.400.002;61.720.001;-0.0034
13/10/2015;61.389.999;62.16;61.310.001;61.549.999;-0.0028
14/10/2015;60.759.998;60.970.001;59.540.001;59.990.002;-0.0257
15/10/2015;60.470.001;61.959.999;60.099.998;61.889.999;0.0312
16/10/2015;62.43;62.650.002;62.09;62.43;0.0087
19/10/2015;62.00;62.77;61.91;62.220.001;-0.0034
20/10/2015;62.360.001;62.82;62.080.002;62.52;0.0048
21/10/2015;62.880.001;62.959.999;62.049.999;62.060.001;-0.0074
22/10/2015;62.419.998;63.580.002;62.419.998;63.189.999;0.018
23/10/2015;63.630.001;64.190.002;63.50;63.869.999;0.0107
26/10/2015;63.84;63.990.002;63.41;63.900.002;0.0005
27/10/2015;63.529.999;63.860.001;63.310.001;63.639.999;-0.0041
28/10/2015;63.700.001;65.739.998;63.689.999;65.50;0.0288
29/10/2015;65.260.002;65.830.002;64.879.997;65.209.999;-0.0044
30/10/2015;65.300.003;65.339.996;64.129.997;64.25;-0.0148
2/11/2015;64.449.997;65.75;64.389.999;65.540.001;0.0199
3/11/2015;65.290.001;66.099.998;65.169.998;65.779.999;0.0037
4/11/2015;66.010.002;66.150.002;65.629.997;65.849.998;0.0011
5/11/2015;65.790.001;66.669.998;65.75;66.440.002;0.0089
6/11/2015;68.370.003;69.029.999;68.099.998;68.459.999;0.03
9/11/2015;68.699.997;68.720.001;67.080.002;67.389.999;-0.0158
10/11/2015;67.190.002;67.849.998;66.93;67.68;0.0043
11/11/2015;68.099.998;68.169.998;67.25;67.349.998;-0.0049
12/11/2015;66.860.001;66.900.002;65.949.997;66.00;-0.0202
13/11/2015;65.839.996;66.169.998;65.230.003;65.559.998;-0.0067
16/11/2015;65.459.999;66.580.002;65.169.998;66.510.002;0.0144
17/11/2015;66.669.998;66.739.998;65.889.999;66.129.997;-0.0057
18/11/2015;66.480.003;67.550.003;66.370.003;67.449.997;0.0198
19/11/2015;67.580.002;67.82;67.040.001;67.660.004;0.0031
20/11/2015;67.989.998;68.110.001;67.379.997;67.540.001;-0.0018
23/11/2015;67.309.998;67.580.002;66.779.999;66.879.997;-0.0098
24/11/2015;66.169.998;67.139.999;66.040.001;66.779.999;-0.0015
25/11/2015;66.93;67.120.003;66.550.003;66.860.001;0.0012
27/11/2015;67.00;67.330.002;66.639.999;67.169.998;0.0046
30/11/2015;67.279.999;67.519.997;66.68;66.68;-0.0073
1/12/2015;67.339.996;67.830.002;66.989.998;67.610.001;0.0139
2/12/2015;67.830.002;67.879.997;66.480.003;66.660.004;-0.0142
3/12/2015;66.830.002;67.029.999;65.580.002;65.800.003;-0.013
4/12/2015;66.099.998;68.00;66.029.999;67.889.999;0.0313
7/12/2015;67.660.004;67.75;66.400.002;67.00;-0.0132
8/12/2015;66.25;66.959.999;65.699.997;65.959.999;-0.0156
9/12/2015;65.610.001;66.580.002;65.040.001;65.459.999;-0.0076
10/12/2015;65.540.001;66.50;65.080.002;65.610.001;0.0023
11/12/2015;64.800.003;65.160.004;63.509.998;64.07;-0.0238
14/12/2015;64.230.003;64.760.002;63.599.998;64.269.997;0.0031
15/12/2015;65.07;66.650.002;65.07;66.099.998;0.0281
16/12/2015;66.910.004;67.739.998;65.910.004;67.529.999;0.0214
17/12/2015;67.900.002;68.00;66.080.002;66.279.999;-0.0187
18/12/2015;65.970.001;65.970.001;64.400.002;64.400.002;-0.0288
21/12/2015;65.019.997;65.559.998;64.830.002;65.540.001;0.0175
22/12/2015;65.919.998;66.00;64.980.003;65.68;0.0021
23/12/2015;66.120.003;66.849.998;66.050.003;66.730.003;0.0159
24/12/2015;66.620.003;66.889.999;66.32;66.599.998;-0.002
28/12/2015;66.290.001;66.449.997;65.709.999;66.379.997;-0.0033
29/12/2015;66.839.996;67.300.003;66.739.998;67.07;0.0103
30/12/2015;67.040.001;67.050.003;66.449.997;66.589.996;-0.0072
31/12/2015;66.190.002;66.779.999;66.00;66.029.999;-0.0084
